,yummy,convenient,spicy,fattening,greasy,fast,cheap,tasty,expensive,healthy,disgusting,Like,Age,Gender,segment
0,0,1,0,1,0,1,1,0,1,0,0,-3,61,Female,Segment 1
1,1,1,0,1,1,1,1,1,1,0,0,+2,51,Female,Segment 0
2,0,1,1,1,1,1,0,1,1,1,0,+1,62,Female,Segment 5
3,1,1,0,1,1,1,1,1,0,0,1,+4,69,Female,Segment 0
4,0,1,0,1,1,1,1,0,0,1,0,+2,49,Male,Segment 1
5,1,1,0,1,0,1,1,1,0,0,0,+2,55,Male,Segment 3
6,1,1,1,1,0,1,0,1,1,1,0,+2,56,Female,Segment 5
7,1,1,0,1,1,1,1,1,0,0,0,I love it!+5,23,Female,Segment 0
8,0,0,0,1,1,0,0,0,1,0,1,I hate it!-5,58,Male,Segment 2
9,1,1,0,1,1,1,0,1,1,0,0,+1,32,Female,Segment 7
10,0,1,0,1,0,1,1,0,0,0,1,-2,53,Female,Segment 6
11,1,1,0,1,1,1,0,1,1,0,1,+3,28,Male,Segment 7
12,0,1,0,1,0,1,1,0,0,0,0,0,65,Male,Segment 1
13,1,1,0,1,0,1,0,1,1,1,0,I love it!+5,54,Male,Segment 7
14,0,1,0,1,0,1,0,0,1,0,0,-3,67,Male,Segment 1
15,1,1,0,1,0,1,1,1,0,0,0,+3,51,Male,Segment 3
16,1,1,0,1,1,1,1,1,0,0,0,0,34,Female,Segment 0
17,1,1,0,0,1,1,0,1,0,0,0,+2,31,Male,Segment 4
18,0,0,0,1,1,1,1,0,1,0,1,-4,47,Female,Segment 2
19,1,1,0,1,1,1,0,1,1,0,1,I love it!+5,37,Male,Segment 7
20,1,1,0,1,1,1,0,1,1,0,1,+2,41,Female,Segment 7
21,1,1,0,1,0,1,1,1,1,0,0,+2,36,Male,Segment 3
22,1,1,1,1,1,1,1,1,1,0,1,-2,23,Female,Segment 5
23,1,1,1,1,0,1,0,1,1,0,0,I love it!+5,50,Female,Segment 5
24,1,1,0,1,0,1,1,1,0,1,0,+2,39,Female,Segment 3
25,1,1,0,1,1,1,1,0,1,0,0,0,35,Female,Segment 1
26,1,1,0,1,1,1,1,1,0,0,1,0,20,Male,Segment 0
27,0,1,0,1,1,1,0,1,0,1,0,0,34,Female,Segment 0
28,0,1,0,0,0,1,0,0,0,0,0,0,55,Male,Segment 1
29,1,1,0,1,0,1,1,1,0,1,0,+3,24,Female,Segment 3
30,1,1,0,1,1,1,1,1,0,0,0,+3,44,Male,Segment 0
31,0,1,0,0,0,1,1,1,0,1,0,+3,40,Female,Segment 4
32,1,1,0,1,1,1,1,1,0,0,0,+1,55,Male,Segment 0
33,0,1,0,1,1,1,1,0,0,0,1,-4,37,Male,Segment 6
34,1,1,0,1,0,1,1,1,0,1,0,+4,48,Male,Segment 3
35,0,1,0,1,1,1,1,0,0,0,1,-2,54,Female,Segment 6
36,1,1,0,1,0,1,1,1,0,1,0,+3,38,Female,Segment 3
37,0,1,0,1,1,1,1,0,0,0,1,I hate it!-5,49,Female,Segment 6
38,0,0,0,1,1,1,1,0,0,0,1,-4,35,Female,Segment 2
39,0,0,0,1,1,1,0,0,1,0,1,-4,55,Male,Segment 2
40,1,0,0,1,0,0,0,1,1,0,0,+2,31,Male,Segment 7
41,1,1,0,1,0,1,1,1,0,1,0,+3,57,Male,Segment 3
42,1,1,1,1,0,1,1,1,0,1,0,+4,69,Male,Segment 5
43,1,1,0,1,0,1,0,1,0,0,0,+3,37,Female,Segment 3
44,0,1,0,1,1,1,1,0,0,0,1,I hate it!-5,60,Male,Segment 6
45,1,1,1,1,1,1,1,1,1,1,1,+2,36,Male,Segment 5
46,0,1,0,0,0,1,0,1,0,1,0,+1,54,Male,Segment 4
47,1,1,0,1,0,1,0,1,1,0,0,+4,66,Male,Segment 7
48,1,1,0,1,0,1,1,1,0,0,0,0,32,Female,Segment 3
49,1,1,0,1,1,1,1,1,0,0,0,+2,67,Male,Segment 0
50,0,1,1,1,1,1,0,0,1,0,1,-4,42,Female,Segment 5
51,1,1,0,1,1,1,1,0,0,0,0,+2,26,Female,Segment 0
52,1,1,0,1,1,1,0,1,1,0,0,+1,58,Female,Segment 7
53,0,1,0,1,0,1,0,0,1,0,1,I hate it!-5,48,Male,Segment 6
54,1,1,0,0,0,1,1,1,0,1,0,+4,54,Female,Segment 4
55,0,1,0,1,0,1,1,1,0,0,0,0,62,Male,Segment 1
56,0,1,0,1,1,1,1,0,0,0,1,-4,52,Female,Segment 6
57,0,1,0,1,1,1,1,0,0,0,0,0,53,Male,Segment 1
58,1,1,0,1,0,1,1,1,0,0,0,+4,47,Male,Segment 3
59,1,1,0,1,1,1,1,1,0,0,0,I love it!+5,26,Female,Segment 0
60,1,1,0,1,1,1,0,1,0,0,0,I love it!+5,29,Female,Segment 0
61,1,1,0,1,1,1,1,1,0,1,0,+3,24,Male,Segment 0
62,1,1,0,1,0,1,1,1,0,1,0,I love it!+5,25,Female,Segment 3
63,0,1,0,1,1,1,0,0,1,0,0,0,54,Male,Segment 1
64,1,1,0,1,1,1,1,1,0,0,0,+4,23,Female,Segment 0
65,0,0,0,1,0,1,0,0,1,0,1,0,34,Female,Segment 2
66,0,1,0,0,0,0,0,0,1,0,0,+1,47,Male,Segment 1
67,1,1,1,1,1,1,1,1,1,1,1,+3,22,Male,Segment 5
68,0,1,0,1,0,1,1,1,0,1,0,0,47,Male,Segment 3
69,1,1,0,1,0,1,1,1,0,0,0,+4,56,Male,Segment 3
70,0,1,0,1,0,1,1,0,0,1,0,-1,55,Male,Segment 1
71,1,1,0,0,0,1,1,1,0,1,0,+3,56,Female,Segment 4
72,0,1,0,1,0,0,0,1,1,0,0,0,56,Female,Segment 7
73,0,1,0,1,1,1,1,1,0,0,0,+2,37,Female,Segment 0
74,1,1,0,0,0,1,1,1,0,1,0,I love it!+5,50,Female,Segment 4
75,0,1,0,1,1,0,0,0,1,0,1,-1,40,Male,Segment 6
76,1,1,0,1,0,1,1,1,0,0,0,+4,61,Male,Segment 3
77,0,1,0,1,0,1,0,0,1,0,0,-2,55,Male,Segment 1
78,1,1,1,1,1,1,0,1,1,0,0,-1,45,Female,Segment 5
79,1,1,0,0,0,1,1,1,0,1,0,+1,42,Male,Segment 4
80,0,1,0,1,1,1,0,0,0,0,1,+2,52,Male,Segment 6
81,0,1,0,1,0,1,1,1,0,0,0,+2,58,Female,Segment 3
82,0,1,0,1,0,1,1,1,0,0,0,+1,48,Male,Segment 3
83,1,1,0,0,0,1,1,1,0,1,0,+3,58,Male,Segment 4
84,0,0,0,1,1,1,0,1,1,0,0,-3,18,Male,Segment 2
85,1,1,0,0,0,1,1,1,0,0,0,+4,68,Female,Segment 4
86,1,1,0,1,1,1,1,1,1,0,1,+1,49,Female,Segment 0
87,0,1,0,1,1,0,0,1,1,0,0,I hate it!-5,50,Female,Segment 7
88,1,1,0,1,0,1,0,1,1,0,0,+2,43,Female,Segment 7
89,1,1,1,1,0,1,1,1,1,0,0,+4,67,Male,Segment 5
90,1,1,0,1,0,1,1,1,0,0,0,+1,40,Female,Segment 3
91,1,1,0,1,1,1,1,1,0,0,1,I hate it!-5,35,Male,Segment 6
92,0,0,0,1,1,0,0,0,1,0,1,I hate it!-5,42,Female,Segment 2
93,0,1,0,1,0,1,1,1,0,0,0,+2,41,Female,Segment 3
94,1,1,0,1,1,1,1,1,0,1,0,+4,32,Male,Segment 0
95,1,1,0,1,1,1,0,1,0,0,0,+3,21,Female,Segment 0
96,0,1,0,1,1,1,1,1,0,0,0,+4,56,Female,Segment 0
97,0,1,0,1,1,1,0,0,0,0,0,+2,27,Male,Segment 1
98,0,1,0,1,1,1,0,0,1,0,0,0,48,Female,Segment 1
99,1,1,0,1,0,1,1,1,0,0,0,+2,32,Male,Segment 3
100,0,1,0,1,1,1,1,0,0,0,0,+3,50,Male,Segment 1
101,1,1,0,1,1,1,0,1,1,0,0,+2,42,Female,Segment 7
102,1,1,1,1,1,1,1,1,1,1,1,I love it!+5,35,Male,Segment 5
103,1,1,1,1,0,1,1,1,0,0,0,+4,57,Female,Segment 5
104,1,1,0,1,0,1,0,1,0,0,0,+3,68,Male,Segment 3
105,0,1,0,1,0,1,0,0,1,0,0,+3,51,Female,Segment 1
106,1,1,0,1,1,0,0,1,1,0,1,-2,42,Female,Segment 7
107,0,1,0,1,0,0,0,0,0,0,0,0,44,Female,Segment 1
108,1,1,0,1,0,1,1,1,0,0,0,+2,57,Female,Segment 3
109,0,1,0,1,1,1,1,0,0,0,0,+2,56,Female,Segment 1
110,0,1,1,1,0,0,0,0,0,0,0,-2,57,Female,Segment 5
111,1,1,0,0,0,1,0,1,1,1,0,I love it!+5,33,Female,Segment 4
112,0,0,0,1,1,0,0,0,1,0,1,-3,63,Male,Segment 2
113,1,1,0,1,0,1,0,1,1,0,0,+2,55,Male,Segment 7
114,0,1,0,1,1,0,0,0,1,0,0,0,39,Female,Segment 1
115,0,1,0,1,0,1,1,0,0,0,0,-3,65,Male,Segment 1
116,1,1,1,1,1,1,1,1,0,1,0,+4,47,Female,Segment 5
117,1,1,0,1,0,1,1,1,0,1,0,+1,37,Female,Segment 3
118,0,1,0,1,1,1,1,0,0,0,1,-1,22,Male,Segment 6
119,0,1,0,1,1,1,1,0,0,0,0,-2,51,Male,Segment 1
120,1,1,0,0,0,1,1,1,0,1,0,I love it!+5,24,Female,Segment 4
121,1,1,1,1,1,1,1,1,1,0,0,+1,49,Female,Segment 5
122,1,1,0,1,0,1,0,1,1,1,0,I love it!+5,55,Female,Segment 7
123,0,1,0,1,0,1,1,0,0,0,1,I hate it!-5,48,Male,Segment 6
124,1,1,0,1,1,1,1,1,0,0,0,+3,24,Female,Segment 0
125,0,1,0,1,0,1,0,1,1,0,0,-2,47,Male,Segment 7
126,0,1,0,1,0,1,1,0,0,0,1,-4,54,Male,Segment 6
127,1,1,0,1,0,1,1,1,0,0,0,+4,23,Female,Segment 3
128,0,1,0,1,1,1,1,0,0,1,0,+1,34,Female,Segment 1
129,1,1,0,1,1,1,1,1,0,0,1,+3,32,Female,Segment 0
130,0,1,0,0,0,1,1,0,0,0,0,+3,58,Female,Segment 4
131,0,1,0,1,0,1,0,0,1,0,0,0,46,Female,Segment 1
132,1,1,0,1,0,1,1,1,0,0,0,0,23,Female,Segment 3
133,1,1,0,1,1,1,1,1,0,0,0,+1,31,Male,Segment 0
134,0,1,0,1,1,1,1,1,0,0,0,0,59,Male,Segment 1
135,0,1,1,1,1,1,0,0,1,1,0,0,47,Male,Segment 5
136,1,1,0,1,0,1,1,1,0,0,0,+3,58,Female,Segment 3
137,1,1,0,1,0,1,1,1,0,0,0,+4,55,Male,Segment 3
138,1,1,0,1,1,0,1,1,0,0,0,+4,62,Female,Segment 0
139,1,1,0,1,1,1,1,1,0,0,0,+2,20,Male,Segment 0
140,0,1,0,1,0,1,1,1,0,0,0,0,42,Male,Segment 3
141,0,1,0,1,1,1,1,0,0,0,1,-3,29,Male,Segment 6
142,0,1,0,1,0,1,0,0,1,0,0,+1,63,Male,Segment 1
143,0,1,0,1,1,1,1,1,0,0,1,+2,26,Male,Segment 0
144,1,0,0,1,1,1,1,1,0,0,0,I love it!+5,19,Female,Segment 0
145,1,1,0,1,0,1,1,1,0,0,0,+1,61,Female,Segment 3
146,1,1,0,1,1,1,0,1,1,0,0,I love it!+5,19,Male,Segment 7
147,1,1,0,1,0,1,0,1,1,1,0,+4,56,Female,Segment 7
148,0,1,0,1,1,1,0,0,1,0,1,-4,39,Female,Segment 6
149,1,1,0,1,1,1,0,1,1,0,0,0,45,Male,Segment 7
150,0,0,0,1,1,0,0,0,1,0,1,I hate it!-5,52,Male,Segment 2
151,1,1,0,0,0,1,1,1,0,1,0,0,42,Female,Segment 4
152,1,1,0,1,1,1,0,1,1,0,0,+3,47,Female,Segment 7
153,1,1,0,1,0,1,1,1,0,0,0,I love it!+5,22,Female,Segment 3
154,1,1,1,1,1,1,1,1,0,0,0,+2,63,Male,Segment 5
155,1,1,0,1,1,1,1,1,0,0,0,I love it!+5,65,Female,Segment 0
156,0,1,0,0,0,1,1,1,0,0,0,+1,63,Male,Segment 4
157,1,1,0,1,1,1,0,1,1,0,0,+3,25,Male,Segment 7
158,1,1,0,1,1,1,0,1,1,0,0,+1,62,Male,Segment 7
159,0,1,0,1,1,0,1,0,0,0,0,0,59,Female,Segment 1
160,0,1,0,1,1,1,1,1,0,0,0,+1,67,Male,Segment 1
161,0,0,0,1,1,1,0,0,1,0,1,I hate it!-5,60,Male,Segment 2
162,1,1,0,0,0,1,1,1,0,1,0,+4,69,Male,Segment 4
163,0,0,0,1,1,1,0,0,1,0,1,I hate it!-5,40,Male,Segment 2
164,1,1,0,0,0,1,1,1,0,1,0,+2,67,Male,Segment 4
165,1,1,0,0,0,1,1,1,0,1,0,+2,37,Female,Segment 4
166,0,1,1,0,1,1,0,0,1,0,0,-4,65,Male,Segment 5
167,1,1,0,1,0,1,0,1,1,0,0,+3,64,Female,Segment 7
168,1,1,0,1,0,1,1,1,0,0,0,+4,57,Female,Segment 3
169,1,1,0,1,1,1,0,1,1,1,0,I love it!+5,37,Male,Segment 7
170,1,1,0,1,1,1,0,1,1,1,0,+2,39,Female,Segment 7
171,1,1,0,1,0,1,0,1,0,0,0,+1,64,Male,Segment 3
172,1,1,0,1,1,1,1,1,0,0,1,-2,23,Male,Segment 0
173,1,0,1,1,1,1,1,0,0,0,1,+2,50,Female,Segment 5
174,0,1,0,1,1,1,0,0,1,0,1,-4,60,Male,Segment 6
175,0,1,0,1,1,1,0,0,1,0,1,-2,32,Male,Segment 6
176,0,1,0,1,1,1,1,0,0,0,1,I hate it!-5,59,Female,Segment 6
177,0,0,0,1,0,1,0,0,1,0,1,-2,37,Male,Segment 2
178,1,1,0,1,1,1,0,1,0,1,0,+3,25,Female,Segment 0
179,0,1,0,0,0,1,0,0,0,0,0,+3,55,Male,Segment 4
180,0,1,0,1,1,1,0,1,1,0,1,-2,25,Male,Segment 6
181,0,1,0,0,0,1,1,0,0,1,1,-3,35,Female,Segment 4
182,0,0,1,1,1,1,1,0,0,0,1,-4,58,Female,Segment 2
183,0,1,0,1,1,1,1,0,0,0,1,I hate it!-5,32,Male,Segment 6
184,1,1,0,1,1,1,1,1,1,0,1,I hate it!-5,45,Female,Segment 6
185,0,1,0,1,0,1,0,0,1,0,0,-3,60,Female,Segment 1
186,0,1,0,1,0,1,1,1,0,0,0,+3,59,Male,Segment 3
187,0,1,0,1,0,1,1,0,0,0,0,0,36,Female,Segment 1
188,0,1,0,1,1,1,1,0,0,0,1,0,55,Male,Segment 6
189,1,1,0,1,0,1,1,0,0,0,0,+1,55,Female,Segment 3
190,1,1,0,1,0,1,0,1,1,0,0,+3,22,Female,Segment 7
191,1,1,0,1,1,1,1,1,0,0,0,+3,21,Female,Segment 0
192,1,1,0,1,1,1,1,1,0,0,0,+1,62,Male,Segment 0
193,1,1,0,1,1,1,1,1,0,0,0,+3,29,Male,Segment 0
194,1,1,0,1,1,1,1,1,0,1,0,+1,36,Female,Segment 0
195,0,1,0,1,1,1,0,0,0,0,0,0,44,Male,Segment 1
196,0,1,0,1,1,1,1,0,0,0,0,+2,47,Female,Segment 1
197,0,0,0,1,1,0,0,0,1,0,1,I hate it!-5,57,Female,Segment 2
198,0,1,0,1,0,1,1,1,0,0,0,+1,23,Female,Segment 3
199,1,1,0,1,1,1,1,1,0,0,0,I love it!+5,31,Female,Segment 0
200,1,1,0,0,0,1,1,1,0,1,0,+4,70,Female,Segment 4
201,1,1,1,1,0,1,1,1,0,1,0,I love it!+5,24,Male,Segment 5
202,0,1,0,1,1,1,0,1,1,0,0,+3,27,Male,Segment 7
203,0,1,0,1,1,1,1,0,0,0,1,I hate it!-5,58,Female,Segment 6
204,0,1,1,1,0,1,1,0,0,0,0,+2,51,Male,Segment 5
205,0,0,0,1,1,0,0,0,1,0,1,-2,36,Male,Segment 2
206,0,1,0,1,0,1,1,1,0,0,0,0,36,Female,Segment 3
207,0,0,1,1,1,1,0,0,1,0,1,0,43,Male,Segment 2
208,0,1,1,1,1,0,0,0,1,0,1,-3,64,Male,Segment 5
209,0,1,0,1,0,1,0,0,1,0,1,-3,52,Male,Segment 6
210,0,1,0,1,0,1,1,1,0,0,0,+1,53,Male,Segment 3
211,0,1,0,1,1,1,0,0,1,0,1,I hate it!-5,52,Female,Segment 6
212,1,1,1,1,1,1,1,1,0,0,0,+3,33,Female,Segment 5
213,1,1,0,1,1,1,1,1,0,0,0,I love it!+5,24,Male,Segment 0
214,1,1,0,0,0,1,0,1,0,0,0,+4,64,Female,Segment 4
215,1,1,1,1,1,1,0,1,1,1,1,+3,41,Male,Segment 5
216,0,0,0,1,1,0,1,0,0,0,1,I hate it!-5,56,Female,Segment 2
217,1,1,0,1,0,1,1,1,0,1,0,+4,49,Female,Segment 3
218,1,0,0,1,1,1,0,1,1,0,0,-1,24,Female,Segment 7
219,0,1,0,1,0,1,1,0,0,0,0,+2,62,Female,Segment 1
220,0,1,0,0,0,1,1,1,0,0,0,0,56,Male,Segment 4
221,1,1,0,1,1,0,0,1,0,0,0,+3,67,Male,Segment 7
222,1,1,0,1,0,1,1,1,0,0,0,+3,27,Male,Segment 3
223,0,1,0,1,0,1,0,0,1,0,1,-4,53,Male,Segment 6
224,1,1,1,1,0,1,1,1,0,1,1,-4,60,Female,Segment 5
225,0,1,0,1,1,1,1,1,0,0,0,0,51,Female,Segment 1
226,0,1,1,1,1,1,0,1,1,0,0,I hate it!-5,67,Female,Segment 5
227,1,1,0,1,0,1,1,1,0,0,0,+3,27,Female,Segment 3
228,0,1,0,1,1,1,0,0,1,0,0,0,56,Male,Segment 1
229,1,1,0,1,1,1,1,1,0,0,0,+4,39,Male,Segment 0
230,1,1,0,1,0,1,1,1,0,0,0,+4,35,Female,Segment 3
231,1,1,0,1,1,1,1,1,0,0,0,+2,68,Female,Segment 0
232,1,1,0,0,1,1,1,1,0,1,0,I love it!+5,57,Female,Segment 4
233,0,1,0,1,1,1,1,0,0,0,1,I hate it!-5,50,Female,Segment 6
234,1,1,0,0,0,1,1,1,0,1,0,+3,64,Female,Segment 4
235,0,1,0,1,0,1,1,0,0,0,0,-3,66,Female,Segment 1
236,1,1,1,0,0,1,1,1,0,1,0,I love it!+5,27,Male,Segment 4
237,0,0,0,1,0,1,0,0,1,0,1,I hate it!-5,70,Male,Segment 2
238,0,1,0,1,1,0,1,1,1,0,0,-1,51,Male,Segment 1
239,1,1,0,1,0,1,1,1,0,0,0,0,60,Female,Segment 3
240,0,0,0,1,0,1,0,0,1,0,1,-4,49,Female,Segment 2
241,0,1,0,1,1,1,1,0,0,0,1,I hate it!-5,54,Female,Segment 6
242,0,0,0,1,1,1,0,0,1,0,1,I hate it!-5,58,Female,Segment 2
243,0,0,0,0,0,1,1,0,0,0,0,-3,70,Female,Segment 2
244,1,1,0,0,0,1,0,1,1,0,0,+3,59,Male,Segment 4
245,0,1,0,1,0,1,1,0,0,1,0,+1,54,Female,Segment 1
246,0,1,1,0,1,1,0,0,1,0,0,-3,52,Female,Segment 5
247,1,1,0,1,1,1,1,1,0,1,0,+4,22,Female,Segment 0
248,1,1,0,1,1,1,0,1,1,0,0,+3,53,Female,Segment 7
249,1,1,0,0,0,1,1,1,0,1,0,I love it!+5,69,Female,Segment 4
250,0,1,1,1,1,1,0,0,1,0,1,+1,20,Male,Segment 5
251,1,1,1,1,0,1,1,0,0,0,0,+3,66,Female,Segment 5
252,1,1,0,1,0,1,1,1,0,0,0,I love it!+5,25,Female,Segment 3
253,1,1,0,1,1,1,0,1,1,0,0,I love it!+5,31,Female,Segment 7
254,1,1,0,1,0,1,1,1,0,1,0,+1,67,Female,Segment 3
255,1,1,1,1,0,1,1,1,0,0,0,+3,56,Female,Segment 5
256,0,1,0,1,1,1,1,1,0,0,0,+1,48,Female,Segment 0
257,0,1,0,1,0,1,1,0,0,0,0,-1,54,Female,Segment 1
258,1,1,0,0,0,1,1,1,0,1,0,I love it!+5,58,Male,Segment 4
259,1,1,0,1,0,1,1,1,0,0,0,+3,42,Female,Segment 3
260,1,1,0,1,0,1,0,1,0,0,0,+4,38,Female,Segment 3
261,0,1,0,1,1,1,1,1,0,1,0,+2,28,Male,Segment 0
262,1,1,0,1,0,1,0,1,1,0,0,+3,47,Female,Segment 7
263,0,0,0,1,1,1,1,0,0,0,0,0,49,Male,Segment 2
264,0,1,0,1,1,1,1,1,0,0,1,0,40,Female,Segment 6
265,0,0,0,1,1,1,0,1,1,1,1,0,31,Male,Segment 2
266,0,1,1,1,1,1,1,0,0,0,0,I hate it!-5,50,Male,Segment 5
267,1,0,1,1,0,1,1,1,0,0,0,-1,69,Female,Segment 5
268,1,1,0,1,0,1,1,1,0,1,0,+4,40,Female,Segment 3
269,1,1,0,1,1,1,1,1,0,0,1,I love it!+5,30,Male,Segment 0
270,0,1,0,1,1,1,1,1,0,0,1,-3,44,Male,Segment 6
271,1,1,0,1,1,1,0,1,1,0,0,+3,32,Male,Segment 7
272,1,1,0,1,0,1,1,1,0,0,0,+3,67,Male,Segment 3
273,1,1,0,1,1,1,1,1,0,0,0,I love it!+5,18,Female,Segment 0
274,0,1,0,1,1,1,1,0,0,0,0,-3,27,Female,Segment 1
275,0,1,0,1,1,1,0,0,1,0,0,-1,61,Female,Segment 1
276,0,1,0,1,0,1,1,0,0,0,0,-4,47,Male,Segment 1
277,1,1,0,1,1,1,1,1,0,0,0,-4,20,Male,Segment 0
278,1,1,0,1,1,1,1,1,0,0,0,+4,26,Male,Segment 0
279,0,1,0,1,0,1,1,0,0,0,0,-4,65,Female,Segment 1
280,0,0,1,1,1,0,0,0,1,0,1,I hate it!-5,64,Male,Segment 2
281,1,1,0,1,1,1,1,1,0,1,0,I love it!+5,20,Male,Segment 0
282,1,1,0,1,1,0,0,1,1,0,0,+2,29,Female,Segment 7
283,1,1,1,1,1,1,0,1,1,0,0,+2,45,Female,Segment 5
284,1,0,0,1,0,1,1,1,0,0,0,0,31,Female,Segment 3
285,1,1,0,1,1,1,1,1,0,0,0,I love it!+5,41,Female,Segment 0
286,0,0,0,1,0,1,0,0,1,0,0,I hate it!-5,61,Female,Segment 2
287,0,0,0,1,1,1,0,0,1,0,1,I hate it!-5,69,Female,Segment 2
288,0,1,0,1,1,1,1,0,0,0,1,+1,28,Male,Segment 6
289,0,1,0,0,0,1,0,0,0,0,0,+3,68,Male,Segment 4
290,0,0,0,1,0,1,1,0,0,0,0,-4,60,Male,Segment 2
291,1,1,0,1,1,1,0,1,0,0,0,0,56,Female,Segment 0
292,0,1,0,1,0,1,0,0,1,0,0,0,61,Female,Segment 1
293,0,1,1,1,1,1,0,1,1,0,0,0,61,Male,Segment 5
294,0,1,0,1,0,1,1,0,0,0,0,-4,63,Male,Segment 1
295,0,1,0,1,0,1,1,1,0,0,0,+3,40,Female,Segment 3
296,0,1,0,1,1,1,1,1,0,1,0,-1,36,Male,Segment 0
297,1,1,0,1,1,1,1,0,0,0,0,+1,30,Female,Segment 0
298,1,1,0,1,0,1,0,1,1,0,0,+4,32,Female,Segment 7
299,1,1,0,0,0,1,0,1,1,1,0,I love it!+5,37,Male,Segment 4
300,1,1,0,1,0,0,1,1,0,1,0,+3,61,Male,Segment 3
301,1,1,0,1,1,1,0,1,1,0,0,+3,34,Female,Segment 7
302,1,1,0,1,1,1,0,1,1,0,0,+1,24,Male,Segment 7
303,1,1,0,1,1,0,0,1,1,0,0,+1,39,Male,Segment 7
304,0,1,0,1,0,1,0,1,1,0,0,0,50,Male,Segment 7
305,1,1,0,1,0,1,0,1,1,1,0,+1,46,Male,Segment 7
306,1,1,0,1,0,1,0,0,1,0,0,+2,43,Female,Segment 7
307,1,1,0,1,0,1,1,1,0,0,0,+4,36,Male,Segment 3
308,1,0,0,0,1,0,0,1,1,0,1,I hate it!-5,26,Male,Segment 2
309,1,1,0,1,0,1,1,1,0,1,0,+2,32,Female,Segment 3
310,0,0,0,1,1,0,0,0,1,0,1,I hate it!-5,50,Female,Segment 2
311,0,1,0,1,1,1,1,0,0,0,0,-2,56,Female,Segment 1
312,1,1,0,1,0,1,1,1,0,0,0,+3,57,Female,Segment 3
313,1,1,0,1,1,1,1,1,0,0,0,-1,25,Male,Segment 0
314,0,1,0,1,1,1,1,1,0,0,0,-1,47,Female,Segment 1
315,1,1,0,1,0,1,0,1,1,0,0,0,32,Male,Segment 7
316,1,1,0,1,0,1,1,1,0,1,0,+3,32,Female,Segment 3
317,0,1,0,1,1,1,1,1,0,1,0,0,57,Female,Segment 1
318,1,1,0,1,1,1,1,1,0,0,0,I love it!+5,42,Male,Segment 0
319,0,1,0,1,0,1,1,0,0,0,0,+2,31,Male,Segment 1
320,0,0,0,1,1,1,0,0,1,0,1,-3,37,Female,Segment 2
321,1,1,0,0,0,1,1,1,1,1,0,+3,33,Female,Segment 4
322,1,1,0,1,0,1,0,1,0,0,0,-1,46,Female,Segment 3
323,1,1,0,1,0,1,0,1,1,0,0,+2,41,Female,Segment 7
324,0,1,0,0,0,1,1,0,0,1,0,-1,60,Male,Segment 4
325,1,1,0,1,0,1,1,1,0,1,0,+2,42,Male,Segment 3
326,0,1,0,1,0,1,1,1,0,0,0,+1,45,Female,Segment 3
327,1,1,0,1,1,1,0,0,0,0,0,0,36,Male,Segment 1
328,1,1,0,1,0,0,0,1,1,1,0,+2,44,Male,Segment 7
329,1,1,1,0,1,0,0,1,1,0,0,+1,34,Male,Segment 5
330,1,0,0,1,1,1,1,1,0,0,0,+2,22,Male,Segment 0
331,0,1,0,1,1,1,1,0,0,0,1,-4,64,Male,Segment 6
332,1,1,0,0,0,1,1,1,0,1,0,I love it!+5,36,Male,Segment 4
333,1,1,0,1,1,1,1,1,0,0,0,I love it!+5,23,Male,Segment 0
334,0,1,0,1,0,1,1,1,0,0,0,-4,69,Female,Segment 1
335,0,1,0,1,1,1,1,0,0,0,0,I hate it!-5,64,Female,Segment 1
336,1,1,0,1,0,1,1,1,0,0,0,+4,53,Male,Segment 3
337,0,1,0,1,1,0,0,0,0,0,1,-4,40,Female,Segment 6
338,0,1,0,1,0,1,1,0,0,0,1,-4,56,Female,Segment 6
339,0,1,0,1,1,0,0,1,0,0,0,+2,48,Female,Segment 7
340,1,0,0,1,0,1,1,1,0,1,0,I love it!+5,62,Female,Segment 3
341,1,1,0,0,0,1,1,1,0,1,0,+2,65,Female,Segment 4
342,1,1,0,0,0,1,0,1,1,0,0,+4,34,Male,Segment 4
343,0,1,0,1,1,1,0,0,0,0,1,I hate it!-5,27,Female,Segment 6
344,1,1,0,1,0,1,1,1,0,0,0,+2,25,Male,Segment 3
345,1,1,0,1,1,1,1,1,0,0,1,-1,55,Female,Segment 0
346,1,1,0,1,0,1,1,1,0,0,0,I love it!+5,38,Female,Segment 3
347,1,1,0,1,0,1,0,1,1,1,0,+1,52,Female,Segment 7
348,1,1,0,1,0,0,0,1,1,0,0,+3,36,Male,Segment 7
349,1,1,0,1,1,1,1,1,0,0,0,-1,36,Male,Segment 0
350,1,1,0,1,0,1,0,1,1,0,0,0,52,Female,Segment 7
351,1,1,0,1,1,1,1,1,1,0,0,I love it!+5,49,Female,Segment 0
352,0,1,0,1,0,1,0,1,0,0,0,+2,58,Female,Segment 3
353,1,1,1,0,0,1,1,1,0,1,0,+3,67,Female,Segment 4
354,0,1,0,1,1,1,1,1,0,0,1,+1,56,Female,Segment 6
355,1,1,0,1,1,0,0,1,1,0,0,+2,43,Female,Segment 7
356,1,1,0,1,0,1,1,1,0,0,0,+1,43,Female,Segment 3
357,1,1,0,1,1,1,0,1,1,0,1,+1,23,Female,Segment 7
358,1,1,0,1,1,1,1,1,1,0,0,+1,29,Male,Segment 0
359,0,1,0,1,1,0,0,0,1,0,1,-4,32,Male,Segment 6
360,0,1,0,1,1,1,1,0,0,0,0,+1,35,Female,Segment 1
361,1,1,0,0,1,1,0,1,1,0,1,+2,46,Male,Segment 7
362,0,1,0,0,0,1,1,1,0,1,0,+3,55,Female,Segment 4
363,1,1,0,1,0,1,1,1,0,0,0,+4,45,Female,Segment 3
364,1,1,0,1,0,0,0,1,1,0,0,+2,39,Male,Segment 7
365,0,1,0,0,0,1,0,1,1,1,1,-3,52,Male,Segment 4
366,1,1,0,1,0,1,0,1,1,0,0,+3,53,Female,Segment 7
367,1,1,1,1,1,1,0,1,0,0,0,+3,44,Male,Segment 5
368,0,1,0,1,1,1,1,1,0,0,0,+1,55,Female,Segment 1
369,1,1,0,1,0,1,1,1,0,1,0,I love it!+5,21,Female,Segment 3
370,0,1,0,0,0,1,1,1,0,0,0,+1,48,Male,Segment 4
371,1,1,1,1,1,0,0,1,1,0,0,+3,57,Female,Segment 5
372,1,1,0,1,1,1,0,1,1,0,0,+3,26,Male,Segment 7
373,1,1,0,0,0,1,1,1,0,0,0,+2,52,Female,Segment 4
374,1,1,0,1,1,1,0,1,1,0,0,+4,28,Male,Segment 7
375,0,1,0,0,0,1,0,1,0,0,0,+2,58,Male,Segment 4
376,1,1,0,0,0,0,1,1,0,1,0,I love it!+5,34,Male,Segment 4
377,1,1,0,1,0,1,1,0,0,0,0,-4,39,Male,Segment 1
378,1,1,1,1,1,1,0,1,1,0,0,+3,20,Male,Segment 5
379,0,1,0,1,0,1,0,0,0,0,1,0,61,Female,Segment 6
380,1,1,0,1,0,0,0,0,1,0,0,+4,35,Male,Segment 7
381,0,1,0,1,1,1,0,0,1,0,1,I hate it!-5,27,Male,Segment 6
382,1,1,0,1,1,1,1,1,0,0,0,+3,50,Female,Segment 0
383,1,1,0,1,1,1,1,1,0,0,0,+3,58,Female,Segment 0
384,0,1,0,1,1,1,1,0,0,0,1,-1,29,Female,Segment 6
385,1,1,0,1,1,1,0,1,1,0,0,+3,23,Male,Segment 7
386,1,1,0,0,0,1,0,1,0,0,0,+2,47,Male,Segment 4
387,1,1,0,1,1,1,1,1,0,0,0,+2,58,Female,Segment 0
388,0,1,0,1,0,1,0,0,1,0,0,0,49,Female,Segment 1
389,1,1,0,1,0,1,0,0,0,0,0,+1,27,Female,Segment 3
390,1,1,0,1,1,1,1,1,0,0,0,I love it!+5,20,Female,Segment 0
391,1,1,0,1,1,0,0,1,1,0,1,0,43,Male,Segment 7
392,0,1,0,1,0,1,0,0,1,0,1,0,62,Female,Segment 6
393,0,0,0,1,0,1,1,0,0,0,1,I hate it!-5,55,Female,Segment 2
394,0,0,0,1,1,1,1,1,0,0,0,-3,62,Female,Segment 2
395,0,1,0,1,1,1,1,0,0,0,1,-3,56,Female,Segment 6
396,0,1,0,1,0,1,1,0,0,0,0,-4,60,Male,Segment 1
397,1,1,0,1,0,1,1,1,0,0,0,+1,42,Female,Segment 3
398,1,1,0,1,1,1,1,1,0,0,0,+4,26,Female,Segment 0
399,0,1,0,1,0,1,1,0,0,0,0,-1,55,Female,Segment 1
400,1,1,0,1,0,1,0,1,0,0,0,+4,42,Male,Segment 3
401,0,1,0,0,0,1,1,1,0,1,0,+3,67,Female,Segment 4
402,1,1,0,1,0,1,0,1,1,0,0,+3,43,Male,Segment 7
403,0,1,0,1,1,1,1,0,0,0,0,0,42,Female,Segment 1
404,1,1,0,0,0,1,1,1,0,1,0,I love it!+5,50,Female,Segment 4
405,0,1,0,1,1,1,1,0,0,0,1,-4,20,Female,Segment 6
406,0,0,0,1,0,1,0,0,1,0,1,I hate it!-5,50,Male,Segment 2
407,1,1,1,1,1,1,0,1,1,0,0,+1,60,Male,Segment 5
408,1,1,0,1,1,1,1,1,0,0,0,-1,21,Male,Segment 0
409,1,1,0,1,0,1,0,1,1,0,0,+4,33,Male,Segment 7
410,1,1,0,1,0,1,1,0,0,0,0,0,68,Female,Segment 1
411,1,1,0,1,1,1,1,1,0,0,0,+3,26,Male,Segment 0
412,1,1,0,1,0,1,1,1,0,0,0,+1,60,Female,Segment 3
413,1,1,0,1,1,1,0,1,1,0,0,+3,52,Female,Segment 7
414,1,1,1,0,0,1,1,1,0,1,0,+4,70,Female,Segment 4
415,0,0,0,1,1,1,1,0,1,0,1,I hate it!-5,44,Female,Segment 2
416,1,1,0,1,1,1,0,1,1,0,0,+2,23,Female,Segment 7
417,0,1,1,1,0,1,0,0,0,0,0,-1,62,Female,Segment 5
418,0,1,1,1,0,1,1,1,0,0,0,+2,59,Female,Segment 5
419,1,1,0,0,0,1,1,1,0,1,0,I love it!+5,66,Female,Segment 4
420,0,1,0,1,0,1,0,0,1,1,0,+1,44,Male,Segment 1
421,1,1,0,1,1,1,0,1,1,0,0,+3,25,Male,Segment 7
422,1,1,0,1,0,0,0,1,1,1,0,+3,41,Male,Segment 7
423,1,1,0,0,0,1,1,1,0,0,0,+4,41,Male,Segment 4
424,1,1,0,0,0,1,1,1,0,1,0,+3,33,Male,Segment 4
425,0,1,0,1,1,1,0,0,1,0,1,+1,45,Female,Segment 6
426,1,1,0,1,0,1,1,1,0,1,0,I love it!+5,23,Female,Segment 3
427,0,0,0,1,1,1,0,0,1,0,1,-4,52,Female,Segment 2
428,0,1,0,1,0,1,1,0,0,0,0,+2,63,Female,Segment 1
429,1,1,1,1,1,1,1,1,1,1,1,+4,48,Female,Segment 5
430,0,1,0,1,1,1,0,1,1,0,1,I hate it!-5,52,Male,Segment 6
431,0,0,0,1,1,1,1,0,1,0,1,I hate it!-5,50,Male,Segment 2
432,1,1,0,1,1,1,1,1,0,1,1,+2,28,Male,Segment 0
433,1,1,0,1,1,1,0,1,1,0,1,+1,24,Male,Segment 7
434,0,1,0,1,0,0,0,0,1,0,0,0,45,Female,Segment 1
435,1,1,0,1,1,0,0,0,1,0,0,+2,26,Female,Segment 7
436,1,1,0,1,1,1,0,1,0,0,1,+1,19,Male,Segment 0
437,0,1,0,1,0,1,0,1,1,0,0,+2,45,Male,Segment 7
438,0,1,0,0,0,1,0,0,1,1,0,+1,44,Male,Segment 4
439,1,1,0,1,1,1,0,1,0,0,0,+2,47,Male,Segment 0
440,0,1,0,1,0,1,1,1,0,0,0,+3,28,Male,Segment 3
441,0,1,0,1,0,1,1,0,0,0,0,+2,62,Female,Segment 1
442,1,1,1,0,1,1,1,1,0,0,0,-1,33,Male,Segment 5
443,1,1,0,0,0,0,1,1,0,1,0,+3,67,Female,Segment 4
444,1,1,0,0,0,1,1,1,0,1,0,+1,67,Female,Segment 4
445,1,1,1,1,1,1,1,1,1,0,1,+2,49,Male,Segment 5
446,1,1,0,1,1,1,1,1,0,0,0,+4,33,Female,Segment 0
447,1,1,0,0,0,1,1,1,0,1,0,I love it!+5,51,Female,Segment 4
448,1,1,0,0,0,1,1,1,0,1,0,+3,52,Female,Segment 4
449,1,1,1,1,1,1,1,1,1,1,0,I love it!+5,30,Male,Segment 5
450,1,1,0,1,0,1,0,1,1,0,0,+2,60,Female,Segment 7
451,0,1,0,1,0,1,0,0,1,0,0,-3,47,Female,Segment 1
452,0,1,0,0,0,1,0,1,1,0,0,+2,44,Male,Segment 4
453,1,1,0,1,0,1,0,1,1,0,0,+2,43,Female,Segment 7
454,0,1,0,1,1,1,1,0,0,0,0,-2,46,Male,Segment 1
455,0,1,0,1,0,1,0,1,0,0,0,+1,40,Female,Segment 3
456,0,1,0,1,1,1,0,0,0,0,0,0,48,Female,Segment 1
457,0,1,0,1,1,1,0,0,1,0,1,0,53,Female,Segment 6
458,1,1,0,1,0,1,0,1,1,0,0,+4,35,Male,Segment 7
459,0,1,0,1,0,1,1,0,0,1,0,-4,51,Male,Segment 1
460,1,1,0,1,1,1,1,0,1,0,0,+2,26,Male,Segment 0
461,0,1,0,1,1,1,0,0,1,0,0,-2,46,Female,Segment 1
462,1,1,0,1,1,1,1,1,0,0,0,+2,39,Female,Segment 0
463,1,1,0,1,0,1,1,1,0,0,0,0,38,Male,Segment 3
464,1,1,0,1,0,1,1,1,0,0,0,+4,40,Female,Segment 3
465,1,1,0,1,0,1,1,1,0,0,0,I love it!+5,36,Female,Segment 3
466,0,1,0,1,0,1,1,0,0,0,0,0,56,Female,Segment 1
467,1,1,0,1,1,1,1,1,0,0,0,I love it!+5,23,Female,Segment 0
468,1,1,0,1,0,1,1,1,0,0,0,I love it!+5,39,Female,Segment 3
469,0,1,0,1,1,1,1,0,0,0,1,-2,22,Female,Segment 6
470,1,1,0,0,0,1,1,1,0,0,0,+3,27,Male,Segment 4
471,1,1,0,1,1,1,1,1,0,0,0,0,23,Female,Segment 0
472,1,1,0,1,1,1,1,1,0,0,0,+2,21,Female,Segment 0
473,1,1,1,1,1,1,1,1,1,1,1,+3,33,Male,Segment 5
474,0,0,0,1,1,1,1,0,0,0,1,I hate it!-5,24,Female,Segment 2
475,1,1,0,1,1,1,1,1,0,1,0,I love it!+5,22,Female,Segment 0
476,0,0,0,1,1,1,1,0,0,0,1,I hate it!-5,54,Female,Segment 2
477,0,1,1,1,1,0,0,0,1,0,1,-3,56,Female,Segment 5
478,1,1,0,1,1,1,1,1,0,0,0,+4,20,Male,Segment 0
479,1,1,1,0,0,0,0,1,1,1,0,+4,41,Female,Segment 4
480,0,1,1,0,0,1,0,1,1,0,0,+4,70,Male,Segment 5
481,1,1,0,1,1,1,1,1,0,1,0,+4,54,Female,Segment 0
482,1,1,0,1,1,1,0,1,1,1,0,+3,23,Male,Segment 7
483,1,1,0,0,0,1,1,1,0,1,0,+2,61,Female,Segment 4
484,0,1,0,1,0,1,0,1,1,0,0,+1,52,Female,Segment 7
485,1,1,0,1,0,1,1,1,0,1,0,+3,61,Female,Segment 3
486,0,1,1,1,0,1,1,0,0,0,1,-2,66,Female,Segment 5
487,1,1,0,1,1,1,0,1,1,0,0,+1,40,Female,Segment 7
488,1,1,1,1,1,1,1,1,1,1,1,I love it!+5,26,Male,Segment 5
489,0,1,0,0,1,1,0,0,1,1,0,+2,32,Male,Segment 4
490,1,1,0,1,1,1,1,1,0,0,0,-2,60,Male,Segment 0
491,1,1,0,1,0,1,1,1,0,0,0,+3,38,Male,Segment 3
492,1,1,0,1,1,1,0,1,1,0,0,+3,29,Male,Segment 7
493,0,0,0,1,1,1,0,0,1,0,0,I hate it!-5,69,Male,Segment 2
494,0,1,0,1,1,1,1,0,0,0,0,+2,64,Male,Segment 1
495,0,1,0,1,1,1,0,0,0,0,1,I hate it!-5,40,Male,Segment 6
496,1,1,0,1,1,1,0,1,1,0,0,+1,42,Male,Segment 7
497,1,1,0,1,0,1,1,1,0,0,0,I hate it!-5,64,Female,Segment 3
498,1,1,0,1,1,1,0,1,1,1,0,I love it!+5,22,Male,Segment 7
499,1,1,0,1,1,1,1,1,0,0,0,+2,57,Female,Segment 0
500,1,1,0,1,1,1,0,1,1,0,0,+2,28,Female,Segment 7
501,1,1,0,1,0,1,1,1,0,1,0,I love it!+5,41,Female,Segment 3
502,1,1,1,1,1,1,0,1,1,0,0,0,56,Male,Segment 5
503,1,1,0,0,0,1,1,1,0,1,0,+3,50,Female,Segment 4
504,0,1,0,1,1,1,1,0,1,0,1,I hate it!-5,68,Male,Segment 6
505,0,1,0,1,0,1,0,1,1,0,1,I hate it!-5,62,Male,Segment 6
506,1,1,0,1,1,1,1,1,0,0,0,+4,58,Female,Segment 0
507,1,1,0,0,0,1,1,1,0,1,0,I love it!+5,47,Male,Segment 4
508,1,1,0,1,0,1,0,1,1,1,0,+3,35,Female,Segment 7
509,1,1,1,1,0,1,1,1,0,0,0,+4,58,Male,Segment 5
510,1,1,0,1,1,1,1,1,0,0,0,I love it!+5,21,Female,Segment 0
511,1,1,0,1,0,1,1,1,0,1,0,+3,53,Female,Segment 3
512,1,1,0,1,0,1,1,1,0,1,0,I love it!+5,38,Female,Segment 3
513,1,1,0,1,0,1,0,1,1,0,0,I love it!+5,59,Male,Segment 7
514,1,1,0,1,1,1,0,1,1,0,0,+4,39,Female,Segment 7
515,1,1,0,1,1,1,0,1,0,0,0,+2,36,Female,Segment 0
516,1,1,0,1,1,1,1,1,0,0,0,I love it!+5,26,Female,Segment 0
517,0,1,0,1,0,1,0,1,1,0,0,-1,53,Male,Segment 7
518,1,1,0,0,0,1,1,1,0,1,0,I love it!+5,64,Female,Segment 4
519,0,1,0,1,1,1,0,1,1,1,1,-3,56,Female,Segment 6
520,0,1,0,1,1,1,0,0,1,0,0,I hate it!-5,65,Male,Segment 1
521,0,0,0,0,1,0,0,0,0,0,1,I hate it!-5,40,Male,Segment 2
522,1,1,0,0,0,1,1,1,0,1,0,I love it!+5,68,Male,Segment 4
523,1,1,0,1,0,1,1,1,0,0,0,+4,65,Male,Segment 3
524,1,1,0,1,1,1,1,1,0,0,0,+2,52,Female,Segment 0
525,0,1,0,1,0,1,1,0,0,1,0,-4,37,Female,Segment 1
526,0,0,0,1,1,1,1,0,1,0,1,I hate it!-5,32,Male,Segment 2
527,1,1,1,1,0,1,1,1,0,0,0,I love it!+5,51,Female,Segment 5
528,1,1,0,1,1,1,1,1,0,1,0,+3,52,Female,Segment 0
529,1,1,0,0,0,1,0,1,1,1,0,+4,57,Female,Segment 4
530,1,1,0,1,0,1,1,1,0,1,0,I love it!+5,55,Female,Segment 3
531,0,1,0,1,0,1,0,1,1,0,0,0,38,Female,Segment 7
532,0,1,0,1,1,1,1,0,0,0,0,+2,44,Female,Segment 1
533,1,1,0,1,0,1,0,1,1,0,0,+3,56,Female,Segment 7
534,0,1,0,1,1,0,0,0,0,0,0,+1,67,Female,Segment 1
535,1,1,0,1,0,1,0,1,0,1,0,+3,43,Female,Segment 3
536,0,1,0,1,0,1,1,1,0,0,0,+1,39,Male,Segment 3
537,1,1,0,1,1,1,1,1,0,0,0,+2,27,Female,Segment 0
538,1,1,0,1,1,1,0,1,0,0,0,+1,29,Female,Segment 0
539,0,1,0,0,1,1,1,0,0,0,0,-1,24,Male,Segment 1
540,0,1,0,1,1,1,0,0,1,0,1,I hate it!-5,37,Male,Segment 6
541,1,1,0,1,1,1,0,1,1,0,1,+1,22,Female,Segment 7
542,0,1,0,1,0,1,0,1,1,1,1,-2,55,Female,Segment 6
543,0,1,0,1,1,1,1,0,0,0,0,-2,50,Male,Segment 1
544,1,0,0,0,0,1,0,1,1,1,0,+1,26,Male,Segment 4
545,0,1,0,1,0,1,1,1,0,0,0,0,55,Female,Segment 3
546,1,1,0,1,0,1,1,1,0,0,0,+2,48,Female,Segment 3
547,1,1,0,1,0,1,0,1,1,0,0,+4,25,Female,Segment 7
548,1,1,0,1,1,1,1,1,1,0,0,+4,32,Male,Segment 0
549,0,1,0,1,1,1,0,0,1,0,1,+1,28,Female,Segment 6
550,0,1,0,1,0,1,1,0,0,0,0,-1,52,Female,Segment 1
551,1,1,0,1,0,1,1,0,0,0,0,+1,30,Male,Segment 3
552,1,1,0,1,0,1,1,1,0,0,0,-2,52,Female,Segment 3
553,1,1,0,0,0,1,1,1,0,0,0,+4,55,Female,Segment 4
554,0,0,0,1,1,1,0,0,1,0,1,I hate it!-5,35,Female,Segment 2
555,1,1,0,1,0,1,1,1,0,0,0,+3,29,Male,Segment 3
556,1,1,0,1,1,1,1,1,0,0,0,+2,55,Male,Segment 0
557,0,1,0,1,1,1,1,1,0,0,1,+1,50,Female,Segment 6
558,0,1,0,1,1,1,1,0,0,0,1,-2,34,Male,Segment 6
559,0,1,0,1,0,1,1,1,0,0,0,0,59,Female,Segment 3
560,1,1,1,0,0,1,0,1,1,1,0,+4,40,Male,Segment 4
561,1,1,0,1,0,1,1,1,0,0,0,+3,39,Female,Segment 3
562,0,1,0,1,1,0,0,1,0,1,0,0,46,Female,Segment 1
563,1,1,0,0,0,0,1,1,0,0,0,I love it!+5,25,Male,Segment 4
564,0,1,0,1,1,0,0,0,1,0,1,-3,48,Male,Segment 6
565,1,1,0,1,0,1,1,1,0,0,0,+3,56,Female,Segment 3
566,0,1,0,1,1,1,1,0,0,0,1,-3,46,Female,Segment 6
567,1,1,1,1,0,1,1,1,0,1,0,I love it!+5,44,Male,Segment 5
568,0,1,0,0,0,1,1,0,0,1,1,I hate it!-5,55,Female,Segment 4
569,1,1,0,1,1,1,1,1,0,0,0,+3,63,Male,Segment 0
570,0,1,0,1,1,1,0,1,1,0,0,+1,58,Male,Segment 7
571,1,1,0,1,1,1,1,1,0,0,0,+4,18,Male,Segment 0
572,0,1,0,1,0,1,0,1,1,0,0,0,60,Male,Segment 7
573,0,1,0,1,0,1,1,0,0,0,0,I hate it!-5,63,Female,Segment 1
574,1,1,0,1,1,1,1,1,0,0,0,+3,30,Female,Segment 0
575,0,1,0,1,1,0,0,0,1,0,0,I hate it!-5,67,Female,Segment 1
576,0,0,0,1,1,1,0,0,1,0,0,I hate it!-5,65,Female,Segment 2
577,1,1,1,1,1,1,1,1,0,1,0,+3,61,Female,Segment 5
578,0,1,0,1,0,1,0,1,0,0,0,+2,52,Male,Segment 3
579,1,1,0,1,1,1,0,1,1,0,0,-3,23,Female,Segment 7
580,0,1,0,1,1,0,0,0,1,0,1,-4,41,Female,Segment 6
581,1,1,0,1,1,1,1,1,0,0,1,0,57,Male,Segment 0
582,0,1,0,1,0,1,1,0,0,0,0,0,46,Female,Segment 1
583,1,1,0,1,1,1,0,1,1,0,0,-2,36,Male,Segment 7
584,0,0,0,1,1,1,1,0,1,1,1,I hate it!-5,54,Male,Segment 2
585,1,1,0,1,1,1,1,1,0,0,0,+2,37,Male,Segment 0
586,1,1,0,1,1,1,1,1,0,0,0,I love it!+5,33,Female,Segment 0
587,1,1,0,1,1,0,1,1,0,0,0,+3,26,Male,Segment 0
588,1,1,0,0,0,0,0,1,1,1,0,+4,27,Male,Segment 4
589,0,1,0,1,0,1,1,0,0,0,1,I hate it!-5,34,Male,Segment 6
590,1,1,0,1,0,0,1,1,0,0,0,+2,49,Male,Segment 3
591,1,1,0,1,0,1,1,1,0,1,0,+3,34,Female,Segment 3
592,0,1,0,1,1,1,1,0,0,0,1,+3,37,Female,Segment 6
593,0,1,0,1,1,1,0,0,0,1,0,-4,62,Male,Segment 1
594,0,1,0,1,0,1,1,0,0,0,0,+2,54,Male,Segment 1
595,0,1,1,1,1,1,1,1,1,1,0,-3,37,Female,Segment 5
596,1,1,1,1,1,1,1,1,0,0,0,+1,57,Male,Segment 5
597,0,0,0,1,1,0,0,0,1,0,1,-1,48,Male,Segment 2
598,0,1,0,1,1,1,1,0,0,0,1,I hate it!-5,59,Female,Segment 6
599,1,1,0,1,0,1,1,1,0,1,0,+4,52,Female,Segment 3
600,0,1,0,1,1,1,1,1,0,0,0,+1,36,Female,Segment 0
601,0,1,0,1,1,1,1,0,0,0,0,-3,35,Male,Segment 1
602,0,1,0,1,1,1,0,0,1,0,1,-4,43,Male,Segment 6
603,0,1,0,1,0,1,1,0,0,0,1,-4,60,Female,Segment 6
604,0,1,0,1,1,1,1,0,0,0,0,-3,32,Female,Segment 1
605,1,1,0,1,0,1,1,1,0,0,0,+4,62,Male,Segment 3
606,1,1,0,1,1,1,0,1,1,0,0,+4,45,Male,Segment 7
607,1,1,0,1,0,1,1,1,0,0,0,+4,45,Male,Segment 3
608,0,0,0,0,0,0,0,0,1,0,1,I hate it!-5,34,Male,Segment 2
609,0,1,0,1,0,1,1,0,0,0,1,I hate it!-5,55,Male,Segment 6
610,0,1,1,1,0,1,0,1,0,0,1,-1,36,Male,Segment 5
611,0,1,0,0,0,1,1,0,0,0,0,0,29,Male,Segment 1
612,0,1,0,1,0,1,1,0,0,0,1,I hate it!-5,64,Female,Segment 6
613,0,1,0,1,0,1,1,0,0,0,0,-3,66,Female,Segment 1
614,0,1,0,1,0,1,0,1,0,0,0,+3,49,Female,Segment 3
615,1,1,0,1,0,1,1,1,0,0,0,+2,25,Female,Segment 3
616,0,1,0,1,0,1,1,1,0,1,0,+2,58,Female,Segment 3
617,0,1,0,1,0,1,1,1,0,0,0,+2,56,Female,Segment 3
618,1,1,0,0,0,1,1,1,1,0,0,+3,29,Female,Segment 4
619,0,1,0,1,1,1,1,1,0,0,0,-1,70,Female,Segment 1
620,0,1,0,1,1,1,1,0,0,0,1,-3,37,Female,Segment 6
621,1,1,0,1,0,1,0,1,1,0,0,+2,38,Male,Segment 7
622,1,1,0,1,0,1,1,1,0,1,0,0,59,Female,Segment 3
623,0,1,0,1,1,1,1,0,0,0,0,-3,20,Female,Segment 1
624,1,1,0,0,0,1,1,1,0,1,0,I love it!+5,69,Female,Segment 4
625,0,1,0,1,1,1,0,1,1,0,0,+1,66,Female,Segment 7
626,0,1,0,1,0,1,1,1,0,0,0,+2,53,Female,Segment 3
627,0,0,0,1,1,1,1,0,0,0,1,I hate it!-5,60,Female,Segment 2
628,1,1,0,1,0,1,1,1,0,0,0,+3,38,Female,Segment 3
629,0,1,0,1,1,0,0,0,1,0,1,0,34,Female,Segment 6
630,1,1,1,1,0,1,0,1,0,0,0,+2,45,Female,Segment 5
631,1,1,0,1,0,1,1,1,0,0,0,+3,30,Male,Segment 3
632,0,0,0,1,1,1,0,0,1,0,1,I hate it!-5,38,Male,Segment 2
633,1,1,0,0,0,1,0,0,0,0,0,+1,55,Male,Segment 4
634,1,1,0,1,0,1,0,1,0,0,0,+2,35,Female,Segment 3
635,0,1,0,0,0,1,1,1,0,0,0,-3,49,Female,Segment 4
636,0,1,0,1,1,1,1,0,0,0,0,0,60,Female,Segment 1
637,0,0,0,1,1,0,1,0,0,1,0,-2,48,Female,Segment 2
638,1,1,0,1,0,1,1,1,0,0,0,+2,43,Female,Segment 3
639,1,1,0,1,1,1,0,1,1,0,0,-4,39,Male,Segment 7
640,1,1,0,1,0,1,1,1,0,0,0,0,23,Male,Segment 3
641,1,1,0,1,1,1,1,1,0,0,0,+4,51,Female,Segment 0
642,0,1,0,1,1,1,1,0,0,0,1,I hate it!-5,21,Female,Segment 6
643,1,1,0,1,0,1,1,1,0,0,0,0,70,Female,Segment 3
644,0,1,0,1,0,1,0,0,1,0,1,I hate it!-5,56,Male,Segment 6
645,0,0,0,1,0,0,0,0,1,0,1,-1,33,Female,Segment 2
646,1,1,0,1,0,1,1,1,0,0,0,+3,58,Male,Segment 3
647,1,1,0,1,1,0,0,1,1,0,0,+3,23,Female,Segment 7
648,1,1,1,1,0,1,1,1,0,0,0,0,63,Female,Segment 5
649,1,1,0,1,0,1,0,1,1,0,0,+2,33,Female,Segment 7
650,0,1,0,0,0,0,0,1,1,1,0,+1,51,Female,Segment 4
651,1,1,0,1,0,1,0,1,1,0,0,I love it!+5,27,Male,Segment 7
652,1,1,0,0,0,1,1,1,0,1,0,+2,51,Male,Segment 4
653,0,0,0,0,0,0,0,0,0,0,0,-3,69,Male,Segment 2
654,1,1,0,0,0,1,1,1,0,0,0,+2,59,Female,Segment 4
655,1,1,0,1,0,1,1,1,0,0,0,+3,40,Male,Segment 3
656,1,1,0,1,1,1,1,1,0,0,0,I love it!+5,20,Female,Segment 0
657,0,1,0,1,1,1,1,0,0,0,1,I hate it!-5,28,Male,Segment 6
658,1,1,0,1,1,0,0,1,1,0,0,+1,31,Male,Segment 7
659,1,1,0,1,1,1,0,1,1,0,0,+2,32,Female,Segment 7
660,1,1,0,1,0,1,0,1,0,0,0,+3,34,Female,Segment 3
661,0,1,0,1,1,1,1,0,1,0,1,-3,62,Male,Segment 6
662,1,1,0,1,1,1,1,1,0,1,0,0,33,Female,Segment 0
663,0,1,0,1,0,1,0,1,1,0,1,-1,51,Female,Segment 6
664,1,1,0,1,1,1,1,1,0,0,0,+4,36,Male,Segment 0
665,1,1,0,1,0,1,0,1,0,0,0,+4,22,Female,Segment 3
666,0,0,0,0,0,0,0,0,1,0,1,I hate it!-5,51,Female,Segment 2
667,0,1,0,1,1,1,0,1,1,0,1,I hate it!-5,42,Male,Segment 6
668,1,1,0,0,1,1,1,1,0,1,0,+2,24,Male,Segment 4
669,1,1,0,1,1,1,0,1,1,0,0,+3,18,Male,Segment 7
670,0,1,0,1,1,1,1,0,0,0,1,I hate it!-5,26,Female,Segment 6
671,0,1,1,1,1,1,1,0,0,1,0,0,57,Male,Segment 5
672,1,1,0,1,0,1,1,1,0,1,0,+1,59,Male,Segment 3
673,1,1,0,1,1,1,0,1,1,0,0,0,38,Female,Segment 7
674,1,1,0,1,1,1,1,1,0,0,0,I love it!+5,26,Female,Segment 0
675,1,1,0,1,0,1,1,1,0,1,0,+2,31,Male,Segment 3
676,1,1,0,1,1,1,1,0,0,0,0,+2,27,Female,Segment 0
677,0,1,1,1,1,1,0,1,1,0,0,-3,55,Male,Segment 5
678,1,1,0,0,0,1,1,1,0,1,0,+4,47,Male,Segment 4
679,0,0,0,1,1,0,0,0,1,0,1,-4,52,Male,Segment 2
680,1,1,0,1,0,1,1,1,0,1,0,I love it!+5,58,Male,Segment 3
681,1,1,0,1,1,1,1,1,0,0,0,+2,30,Female,Segment 0
682,1,1,0,1,1,1,0,1,1,0,0,-1,38,Female,Segment 7
683,1,1,0,1,0,1,1,1,0,0,0,+4,49,Female,Segment 3
684,1,1,0,1,0,1,0,0,0,0,0,+3,37,Male,Segment 3
685,1,1,0,1,1,1,0,0,1,0,0,+3,39,Male,Segment 7
686,1,1,0,1,0,1,1,1,0,0,0,+4,60,Male,Segment 3
687,1,1,0,1,0,0,1,1,0,0,0,+3,50,Male,Segment 3
688,1,1,0,1,0,1,1,1,0,0,0,+4,25,Male,Segment 3
689,0,1,0,1,1,1,1,0,0,0,1,-4,64,Male,Segment 6
690,0,0,0,1,0,0,0,0,1,0,1,-3,62,Male,Segment 2
691,0,1,0,1,1,1,1,0,0,0,1,-2,37,Male,Segment 6
692,1,1,0,0,0,1,0,0,1,1,0,+2,68,Male,Segment 4
693,1,1,0,1,1,1,1,1,0,0,0,+2,24,Female,Segment 0
694,1,1,1,0,1,1,1,1,0,1,0,+1,26,Male,Segment 5
695,0,1,0,1,1,1,0,0,1,0,0,+2,49,Female,Segment 1
696,0,1,0,0,0,0,0,0,1,0,0,-2,43,Male,Segment 1
697,1,1,0,1,1,1,1,1,0,0,1,+4,53,Female,Segment 0
698,1,1,0,1,1,1,1,1,0,0,0,+2,41,Male,Segment 0
699,0,1,0,1,1,1,1,0,0,0,1,I hate it!-5,35,Female,Segment 6
700,0,0,0,1,1,0,0,0,1,0,1,I hate it!-5,60,Male,Segment 2
701,1,1,0,1,1,1,1,1,0,0,0,+2,35,Male,Segment 0
702,0,1,0,1,1,1,0,0,1,0,1,0,54,Male,Segment 6
703,1,1,0,1,1,1,1,1,1,0,0,+4,23,Female,Segment 0
704,0,1,0,0,1,1,1,0,0,1,0,0,41,Female,Segment 4
705,0,1,0,1,1,0,0,0,1,0,1,I hate it!-5,57,Female,Segment 6
706,0,0,0,1,0,1,1,0,0,0,1,I hate it!-5,64,Female,Segment 2
707,1,1,0,1,1,1,1,1,0,0,0,+2,59,Female,Segment 0
708,1,1,0,1,0,1,1,1,0,0,0,+4,38,Female,Segment 3
709,0,1,0,1,0,1,1,1,0,0,0,+1,66,Male,Segment 1
710,1,1,0,1,0,1,1,1,0,0,0,+4,49,Female,Segment 3
711,1,1,1,1,1,1,0,1,1,0,0,0,48,Female,Segment 5
712,0,1,0,1,1,0,0,0,1,0,0,I hate it!-5,63,Female,Segment 1
713,1,1,0,1,0,1,1,1,0,0,0,+1,64,Female,Segment 3
714,0,1,0,1,1,1,1,0,0,0,0,-1,56,Female,Segment 1
715,1,1,0,1,0,1,1,1,0,0,0,+3,24,Female,Segment 3
716,0,0,0,1,0,1,1,0,0,0,1,0,57,Female,Segment 2
717,0,0,0,1,1,1,1,0,0,1,1,-4,59,Male,Segment 2
718,1,1,0,1,0,1,1,1,0,1,0,+4,39,Female,Segment 3
719,1,1,0,1,0,1,1,1,0,1,0,I love it!+5,37,Female,Segment 3
720,1,1,1,0,0,1,1,1,0,1,0,0,65,Male,Segment 4
721,0,1,0,1,0,1,0,0,0,0,1,I hate it!-5,55,Male,Segment 6
722,1,1,0,1,1,1,1,1,0,0,0,-2,34,Female,Segment 0
723,0,1,0,1,0,1,1,0,0,0,0,+1,31,Female,Segment 1
724,1,1,0,1,1,1,1,1,0,1,0,0,23,Female,Segment 0
725,0,1,0,1,1,1,1,0,0,0,0,0,42,Female,Segment 1
726,1,1,0,1,1,1,0,1,1,0,0,+1,31,Male,Segment 7
727,0,1,0,1,0,1,1,1,0,0,0,+1,32,Female,Segment 3
728,0,1,0,1,0,1,0,0,1,0,0,0,49,Female,Segment 1
729,0,1,0,0,1,1,1,0,0,0,1,0,59,Male,Segment 6
730,1,1,0,1,1,1,0,0,0,0,0,I love it!+5,21,Female,Segment 0
731,1,1,0,1,0,1,0,1,1,0,0,+3,25,Female,Segment 7
732,0,1,0,1,1,1,1,0,0,0,0,+2,24,Male,Segment 1
733,0,1,0,1,0,1,1,1,0,0,0,I hate it!-5,58,Male,Segment 1
734,0,1,0,1,0,1,0,0,1,0,0,0,54,Male,Segment 1
735,0,0,0,1,1,1,0,0,1,0,1,I hate it!-5,62,Male,Segment 2
736,0,1,0,1,1,1,0,0,1,0,0,+3,31,Male,Segment 7
737,1,1,0,1,1,1,1,1,1,1,1,+1,21,Female,Segment 0
738,0,1,0,1,0,1,1,0,0,0,0,+2,48,Male,Segment 1
739,1,1,1,1,1,1,1,1,0,0,1,0,30,Female,Segment 5
740,1,1,0,1,1,1,1,1,0,0,1,+2,36,Female,Segment 0
741,1,1,0,1,1,1,1,1,0,0,0,+2,21,Female,Segment 0
742,0,1,0,1,1,1,1,0,0,0,0,+2,63,Female,Segment 1
743,1,1,0,1,1,0,1,0,0,1,0,+1,33,Male,Segment 0
744,1,1,0,1,1,1,1,1,0,0,0,I love it!+5,18,Female,Segment 0
745,1,1,0,1,1,1,1,1,0,0,0,+2,20,Male,Segment 0
746,0,1,0,1,1,1,1,1,0,0,0,0,56,Female,Segment 1
747,1,1,0,1,1,1,1,1,0,1,0,+3,38,Female,Segment 0
748,0,1,0,1,0,1,1,0,0,0,0,+1,43,Male,Segment 1
749,0,1,0,1,1,1,0,1,1,0,1,0,18,Male,Segment 6
750,0,1,0,1,1,1,1,0,1,0,0,+3,19,Male,Segment 1
751,0,1,1,1,0,1,0,0,1,0,1,-2,43,Male,Segment 5
752,0,0,0,1,1,1,0,0,1,0,1,I hate it!-5,50,Male,Segment 2
753,1,1,0,1,1,1,0,0,1,0,0,-3,54,Female,Segment 7
754,1,1,0,1,1,1,1,1,0,0,0,+2,23,Male,Segment 0
755,0,1,0,1,1,1,1,1,1,0,1,0,40,Male,Segment 6
756,1,1,1,1,0,1,0,1,1,1,0,+2,52,Female,Segment 5
757,0,1,0,1,0,1,1,0,0,0,0,0,35,Male,Segment 1
758,0,1,0,1,0,1,0,0,1,0,0,+1,41,Male,Segment 1
759,0,0,0,1,1,1,0,0,1,0,1,-4,60,Male,Segment 2
760,1,1,0,1,0,1,1,1,0,1,0,+3,66,Female,Segment 3
761,0,1,1,1,1,1,1,1,0,1,0,-1,45,Male,Segment 5
762,0,1,0,1,1,0,0,0,1,0,1,I hate it!-5,39,Male,Segment 6
763,0,1,1,1,1,1,1,1,1,0,0,+1,49,Female,Segment 5
764,1,1,0,1,1,1,1,1,0,0,0,+1,58,Female,Segment 0
765,1,1,0,0,0,1,1,1,0,1,0,+3,32,Female,Segment 4
766,1,1,0,1,0,0,0,1,1,1,0,+3,34,Female,Segment 7
767,0,1,0,1,1,1,1,0,0,0,1,-2,50,Female,Segment 6
768,0,1,0,1,0,1,0,0,0,0,1,I hate it!-5,58,Female,Segment 6
769,0,1,0,1,1,1,1,1,0,0,1,-3,34,Female,Segment 6
770,1,1,0,1,0,1,1,1,0,0,0,+3,53,Female,Segment 3
771,1,1,0,1,0,1,0,1,1,0,0,+3,46,Male,Segment 7
772,1,1,0,1,1,0,0,0,1,0,0,0,54,Female,Segment 7
773,1,1,0,1,0,1,1,1,0,0,0,+4,29,Male,Segment 3
774,1,1,0,1,0,1,1,1,0,0,0,+4,38,Female,Segment 3
775,1,1,0,1,1,1,1,0,1,1,0,+2,52,Female,Segment 1
776,1,1,0,1,1,1,0,1,1,0,0,+1,32,Female,Segment 7
777,0,1,1,1,1,1,1,1,0,0,0,+2,65,Female,Segment 5
778,1,1,0,1,0,1,0,0,0,0,0,0,44,Male,Segment 1
779,0,1,0,1,0,1,1,0,0,1,0,-1,42,Male,Segment 1
780,1,1,0,1,0,1,0,1,1,0,0,+4,37,Female,Segment 7
781,1,1,0,1,0,0,0,1,1,0,0,0,24,Male,Segment 7
782,0,1,1,1,1,1,0,1,0,0,1,0,69,Female,Segment 5
783,0,1,1,1,1,1,1,1,0,0,1,0,39,Male,Segment 5
784,1,0,0,0,0,1,0,1,0,1,0,+4,55,Male,Segment 4
785,1,1,0,1,1,1,0,1,1,0,0,+2,47,Female,Segment 7
786,1,1,0,1,0,1,0,1,1,1,0,I love it!+5,46,Female,Segment 7
787,1,1,0,1,0,1,0,1,1,0,0,0,63,Female,Segment 7
788,0,0,0,1,1,1,1,0,0,0,1,-4,64,Female,Segment 2
789,1,1,0,1,1,1,0,0,1,0,1,+3,34,Female,Segment 7
790,0,1,0,1,1,1,0,0,1,0,1,-2,30,Male,Segment 6
791,1,1,0,1,1,1,1,1,0,0,0,+2,37,Female,Segment 0
792,1,1,0,1,0,1,0,1,1,1,0,+4,48,Male,Segment 7
793,1,1,0,1,1,1,1,1,0,1,0,+3,32,Female,Segment 0
794,0,1,0,1,1,1,0,1,0,0,0,-1,24,Female,Segment 0
795,1,1,1,0,0,1,1,1,0,1,0,+4,65,Male,Segment 4
796,0,1,0,1,1,1,1,0,0,0,0,-3,64,Male,Segment 1
797,0,1,0,0,0,1,0,0,0,0,0,0,64,Male,Segment 1
798,1,1,0,1,0,1,1,1,0,1,0,+2,50,Male,Segment 3
799,1,1,0,1,0,1,0,1,1,0,0,+2,55,Male,Segment 7
800,0,1,1,1,1,1,1,0,0,0,0,-2,70,Male,Segment 5
801,0,0,0,1,1,0,1,0,0,0,1,-2,35,Female,Segment 2
802,0,0,0,0,0,0,0,0,0,0,0,I hate it!-5,24,Male,Segment 2
803,0,1,0,1,1,1,0,0,1,0,1,I hate it!-5,18,Male,Segment 6
804,1,1,0,1,1,1,1,1,0,0,0,+4,30,Female,Segment 0
805,0,1,0,1,1,1,0,0,0,0,1,-3,59,Male,Segment 6
806,1,1,0,1,0,1,0,1,1,0,0,+3,64,Male,Segment 7
807,0,1,1,1,1,1,1,1,0,0,0,-3,62,Male,Segment 5
808,0,1,0,1,0,0,0,0,1,0,0,-3,63,Female,Segment 1
809,1,1,0,1,1,0,0,1,0,0,0,+3,36,Male,Segment 7
810,0,1,0,1,1,0,0,0,1,0,0,0,32,Male,Segment 7
811,1,0,0,0,1,1,0,1,1,0,0,I love it!+5,61,Female,Segment 4
812,1,1,0,1,0,1,0,1,1,0,0,+4,42,Female,Segment 7
813,1,1,0,1,0,1,1,1,0,0,0,I love it!+5,43,Female,Segment 3
814,0,1,0,1,0,0,0,0,0,0,0,0,44,Female,Segment 1
815,0,0,0,1,1,1,0,1,1,0,0,+2,19,Male,Segment 7
816,0,1,0,1,1,1,0,1,1,0,0,+1,53,Female,Segment 7
817,1,1,0,1,0,1,1,1,0,0,0,+2,32,Male,Segment 3
818,0,1,0,1,1,1,0,0,1,0,0,0,52,Female,Segment 1
819,0,1,0,1,0,1,1,0,0,0,1,-3,60,Male,Segment 6
820,0,1,0,1,1,1,0,0,1,0,0,-1,53,Female,Segment 1
821,0,1,0,1,1,1,1,0,0,0,1,I hate it!-5,33,Female,Segment 6
822,1,0,1,0,0,0,0,0,1,1,0,I love it!+5,40,Female,Segment 4
823,1,1,0,1,0,1,0,1,1,0,0,-2,63,Male,Segment 7
824,1,1,1,0,0,1,1,1,0,1,0,+3,47,Male,Segment 4
825,1,1,0,1,0,1,0,1,0,0,0,+3,25,Female,Segment 3
826,0,1,0,1,0,1,1,0,0,0,0,-3,38,Male,Segment 1
827,1,1,0,1,1,1,1,1,0,0,0,I love it!+5,28,Female,Segment 0
828,0,1,0,1,1,1,0,0,1,1,0,0,57,Male,Segment 1
829,1,1,0,1,0,1,1,1,0,1,0,+4,56,Female,Segment 3
830,1,1,0,1,1,1,0,1,1,0,0,+3,35,Male,Segment 7
831,0,0,0,1,1,1,0,0,1,0,1,-3,62,Male,Segment 2
832,1,1,0,1,0,1,0,1,1,0,0,+1,37,Female,Segment 7
833,0,1,0,1,1,1,1,0,0,1,0,+1,63,Male,Segment 1
834,0,1,1,0,0,1,0,0,1,1,0,+1,57,Male,Segment 5
835,0,1,0,1,1,1,1,0,0,0,0,-1,53,Female,Segment 1
836,0,1,0,1,1,1,1,0,0,0,1,+2,49,Female,Segment 6
837,0,1,1,1,1,1,1,1,0,0,0,+1,56,Male,Segment 5
838,0,1,1,1,0,1,1,1,0,0,0,+1,50,Male,Segment 5
839,1,1,0,1,0,1,1,1,0,0,0,+4,59,Female,Segment 3
840,1,1,0,1,0,1,1,1,0,1,0,I love it!+5,32,Female,Segment 3
841,1,1,0,1,0,1,0,1,0,0,0,+4,44,Female,Segment 3
842,0,1,0,1,1,1,0,0,1,0,0,+1,34,Female,Segment 1
843,0,1,0,1,0,1,1,0,0,0,1,0,51,Female,Segment 6
844,1,1,0,1,1,1,1,1,0,0,0,+1,33,Male,Segment 0
845,1,1,0,1,1,1,1,1,0,1,0,+2,36,Female,Segment 0
846,1,1,0,1,1,1,0,1,1,1,0,+3,24,Female,Segment 7
847,1,1,0,1,0,1,1,1,0,0,0,+3,42,Female,Segment 3
848,0,1,0,1,1,1,0,0,1,0,1,I hate it!-5,45,Male,Segment 6
849,0,1,0,1,1,1,0,0,1,0,1,0,48,Female,Segment 6
850,1,1,0,1,0,1,1,1,0,0,0,I love it!+5,34,Female,Segment 3
851,1,1,0,1,0,1,1,1,0,0,0,I love it!+5,28,Female,Segment 3
852,0,0,0,0,0,0,0,0,0,0,0,0,55,Female,Segment 2
853,1,1,0,1,1,1,1,1,0,1,0,+2,29,Female,Segment 0
854,1,1,0,0,0,1,1,1,0,1,0,I love it!+5,40,Female,Segment 4
855,1,1,0,1,1,1,0,1,1,0,0,0,44,Male,Segment 7
856,0,1,1,1,1,1,0,0,1,0,1,I hate it!-5,49,Male,Segment 5
857,1,1,0,1,0,1,1,1,0,0,0,+3,29,Male,Segment 3
858,1,1,0,1,1,1,1,1,0,0,0,+4,40,Male,Segment 0
859,0,0,0,1,0,1,1,0,1,0,0,+3,30,Male,Segment 2
860,1,1,0,1,0,1,1,1,0,0,0,+2,34,Male,Segment 3
861,1,1,1,1,1,1,1,1,0,0,0,+1,60,Male,Segment 5
862,0,1,0,1,0,1,1,1,0,0,0,+2,66,Male,Segment 3
863,1,1,0,0,0,1,0,1,1,1,0,+3,51,Male,Segment 4
864,0,0,0,1,1,1,1,0,0,0,1,I hate it!-5,44,Male,Segment 2
865,1,1,0,0,0,1,1,1,0,1,0,+3,64,Male,Segment 4
866,1,1,0,0,0,1,1,0,1,1,0,+3,37,Female,Segment 4
867,0,0,0,1,1,0,0,0,1,0,1,I hate it!-5,51,Male,Segment 2
868,1,1,0,1,0,1,1,1,0,0,0,+4,30,Male,Segment 3
869,0,1,1,1,1,1,1,0,0,1,1,-4,53,Male,Segment 5
870,0,0,0,1,1,0,1,1,0,0,0,+1,48,Male,Segment 2
871,0,1,0,1,1,1,0,0,1,0,0,-2,67,Female,Segment 1
872,0,1,0,1,1,1,0,0,1,0,1,I hate it!-5,39,Male,Segment 6
873,1,1,0,1,0,1,1,1,0,1,0,+3,67,Female,Segment 3
874,0,1,0,1,1,1,0,0,0,0,1,-3,61,Male,Segment 6
875,0,1,0,1,0,0,0,1,1,0,0,+2,57,Male,Segment 7
876,0,1,0,1,0,0,1,0,0,0,1,I hate it!-5,64,Male,Segment 6
877,0,1,0,1,1,1,1,1,0,0,1,-4,64,Female,Segment 6
878,1,1,0,1,1,1,1,1,1,1,0,+4,34,Female,Segment 0
879,1,1,1,1,1,1,1,1,1,1,0,+4,45,Male,Segment 5
880,1,1,0,1,0,1,1,1,0,0,0,+3,34,Male,Segment 3
881,0,1,0,1,1,1,1,0,0,0,1,I hate it!-5,67,Male,Segment 6
882,0,0,0,1,0,1,0,0,0,0,1,I hate it!-5,38,Female,Segment 2
883,1,1,0,1,1,1,1,1,1,0,0,+2,22,Male,Segment 0
884,1,1,1,0,0,1,1,1,0,0,0,I love it!+5,57,Female,Segment 4
885,1,1,0,0,0,1,1,1,0,0,0,+2,65,Female,Segment 4
886,0,1,0,1,1,1,0,0,0,0,0,-2,63,Male,Segment 1
887,0,1,0,1,1,1,0,0,1,0,1,0,49,Male,Segment 6
888,0,1,0,1,1,1,1,0,0,0,1,-2,36,Male,Segment 6
889,0,0,1,1,1,0,0,0,0,1,1,-1,60,Female,Segment 2
890,0,1,0,1,1,1,0,0,1,0,1,-3,62,Female,Segment 6
891,1,1,0,1,0,1,1,1,1,0,0,I love it!+5,55,Male,Segment 3
892,1,1,0,1,0,1,0,1,0,0,0,+3,41,Female,Segment 3
893,0,1,0,1,1,1,0,0,1,0,1,-2,46,Male,Segment 6
894,1,1,0,1,0,1,1,1,0,0,0,+3,51,Female,Segment 3
895,1,1,0,0,0,1,0,1,0,1,0,I love it!+5,61,Female,Segment 4
896,1,1,0,1,0,1,0,1,1,1,0,+3,38,Female,Segment 7
897,0,1,0,1,1,1,0,0,1,0,1,-4,59,Female,Segment 6
898,1,1,0,0,0,1,0,1,0,1,0,+4,36,Male,Segment 4
899,0,1,0,1,1,1,1,0,0,0,0,0,62,Female,Segment 1
900,0,1,1,1,1,1,0,1,1,0,0,0,58,Male,Segment 5
901,1,1,0,1,1,1,1,1,0,0,0,+4,23,Female,Segment 0
902,0,1,0,1,0,1,0,0,1,0,1,I hate it!-5,50,Female,Segment 6
903,1,1,0,1,0,1,0,1,1,0,0,+4,25,Female,Segment 7
904,0,1,0,1,0,1,1,1,0,0,0,+1,55,Male,Segment 3
905,0,1,0,1,1,1,1,0,1,0,1,I hate it!-5,48,Male,Segment 6
906,0,0,0,1,0,1,0,0,0,0,1,I hate it!-5,62,Female,Segment 2
907,1,1,0,1,0,1,1,1,0,0,0,+2,61,Female,Segment 3
908,1,1,0,1,1,1,0,1,1,0,0,+4,32,Female,Segment 7
909,0,1,0,0,0,1,1,0,0,1,0,0,49,Male,Segment 4
910,1,1,1,1,1,1,1,1,1,1,1,+3,20,Male,Segment 5
911,0,1,0,1,1,1,0,0,1,0,1,+1,43,Female,Segment 6
912,0,0,0,0,0,1,1,0,0,0,0,I hate it!-5,63,Female,Segment 2
913,1,1,0,0,0,1,1,1,0,1,0,+4,60,Female,Segment 4
914,0,1,0,1,0,1,1,0,0,0,0,+1,68,Female,Segment 1
915,1,1,0,1,0,1,1,1,0,0,0,+3,64,Male,Segment 3
916,0,1,0,1,1,1,1,0,0,0,1,I hate it!-5,57,Male,Segment 6
917,1,1,0,0,0,1,1,1,0,0,0,+4,71,Male,Segment 4
918,1,1,0,1,1,1,1,1,0,0,1,+3,30,Female,Segment 0
919,1,1,0,0,0,1,1,1,0,1,0,I love it!+5,61,Male,Segment 4
920,1,0,0,0,0,1,1,1,0,0,0,+1,55,Female,Segment 4
921,1,1,0,0,0,1,0,0,1,0,0,-3,53,Male,Segment 4
922,1,1,0,1,0,1,0,1,1,0,0,+4,45,Male,Segment 7
923,1,1,0,1,0,1,1,1,0,0,0,+3,41,Male,Segment 3
924,1,1,0,1,1,1,0,1,1,1,0,+3,30,Male,Segment 7
925,0,1,0,1,0,1,1,0,0,0,0,+2,42,Female,Segment 1
926,1,1,0,0,0,1,1,1,0,0,0,+3,22,Female,Segment 4
927,1,1,0,1,0,1,1,1,0,0,0,+3,46,Female,Segment 3
928,1,1,0,1,0,1,0,1,0,0,0,I love it!+5,43,Male,Segment 3
929,1,1,0,0,0,1,1,1,0,1,0,I love it!+5,33,Female,Segment 4
930,1,1,0,1,1,1,1,1,0,0,0,-2,19,Female,Segment 0
931,1,1,0,1,1,1,0,1,1,0,0,+4,24,Male,Segment 7
932,0,1,0,1,1,1,1,0,1,0,1,-4,58,Male,Segment 6
933,0,1,0,1,0,1,0,0,1,0,0,0,59,Male,Segment 1
934,1,1,0,1,0,1,1,1,0,0,0,+3,31,Female,Segment 3
935,0,1,0,1,1,1,0,0,1,0,0,+2,37,Female,Segment 1
936,0,1,1,1,1,1,1,1,0,0,0,+2,56,Male,Segment 5
937,0,1,0,1,1,1,1,1,0,0,0,-2,52,Male,Segment 1
938,0,0,0,1,1,1,1,0,0,0,1,I hate it!-5,36,Male,Segment 2
939,1,1,0,1,1,1,1,1,0,1,0,+4,25,Female,Segment 0
940,1,1,0,1,1,1,0,1,0,0,1,0,20,Male,Segment 0
941,1,0,0,1,1,1,0,1,1,0,0,+4,21,Female,Segment 7
942,1,1,0,1,1,1,0,0,1,0,0,-2,59,Female,Segment 7
943,0,1,0,1,0,1,1,0,0,0,0,-4,51,Female,Segment 1
944,0,1,0,1,0,1,1,1,0,0,0,+2,50,Female,Segment 3
945,0,1,0,1,0,1,1,0,0,0,0,0,63,Male,Segment 1
946,1,1,0,1,0,1,1,1,0,0,0,+1,25,Female,Segment 3
947,0,1,0,1,0,1,1,1,0,0,0,+1,51,Male,Segment 3
948,0,1,0,1,1,1,1,1,0,0,0,-1,36,Female,Segment 0
949,1,1,0,1,1,1,0,1,1,0,0,+3,31,Female,Segment 7
950,0,1,0,1,0,1,1,0,0,0,0,+1,26,Male,Segment 1
951,0,0,0,0,0,0,0,0,0,0,1,I hate it!-5,30,Male,Segment 2
952,1,1,0,1,0,1,1,1,0,0,0,+2,37,Female,Segment 3
953,1,1,0,1,1,1,0,0,0,0,1,-1,30,Male,Segment 6
954,1,1,0,1,1,1,1,1,0,1,0,+4,30,Female,Segment 0
955,0,1,1,0,0,1,0,1,1,0,0,+4,55,Female,Segment 5
956,0,1,0,1,1,1,1,0,0,0,0,+1,19,Female,Segment 1
957,1,1,0,0,0,1,1,1,0,1,0,I love it!+5,23,Female,Segment 4
958,0,1,0,1,1,1,1,0,0,0,1,-4,26,Female,Segment 6
959,0,1,0,1,0,1,1,0,0,0,0,-1,59,Female,Segment 1
960,1,1,0,0,0,1,0,1,1,1,0,+4,23,Male,Segment 4
961,1,1,0,1,1,1,0,1,0,0,0,+4,30,Male,Segment 0
962,1,1,0,1,1,1,1,1,0,0,0,+3,18,Female,Segment 0
963,0,1,0,0,1,1,1,1,0,0,1,0,51,Male,Segment 6
964,0,0,0,1,1,1,0,0,1,0,1,+2,35,Male,Segment 2
965,1,1,0,1,1,1,0,1,1,0,1,+3,43,Female,Segment 7
966,0,1,0,1,1,1,0,1,0,0,0,0,56,Female,Segment 1
967,0,1,0,1,0,1,0,0,1,0,0,+2,53,Male,Segment 1
968,0,1,0,1,1,1,1,0,0,0,0,-3,47,Female,Segment 1
969,1,1,0,1,1,1,0,1,0,0,0,+2,65,Male,Segment 7
970,0,1,0,1,0,1,0,0,0,0,0,0,51,Male,Segment 1
971,1,1,0,1,0,1,0,1,1,0,0,+2,33,Female,Segment 7
972,1,1,0,1,1,1,0,1,1,0,0,0,61,Male,Segment 7
973,1,1,0,1,0,1,1,1,0,0,0,0,33,Female,Segment 3
974,1,1,0,1,1,1,1,1,0,1,0,0,25,Male,Segment 0
975,0,1,0,1,1,1,1,1,1,0,1,I hate it!-5,36,Male,Segment 6
976,1,1,0,1,0,1,1,1,0,1,0,I love it!+5,47,Male,Segment 3
977,1,1,1,1,0,1,1,1,0,1,0,+2,59,Female,Segment 5
978,1,1,0,1,1,1,0,0,1,0,1,-4,37,Female,Segment 6
979,1,1,1,1,1,1,1,1,0,0,0,0,22,Male,Segment 5
980,0,1,0,1,1,1,1,0,0,0,1,-3,48,Male,Segment 6
981,1,1,0,1,0,1,1,1,0,0,1,+2,70,Male,Segment 3
982,0,0,0,1,1,1,1,0,1,0,1,I hate it!-5,51,Male,Segment 2
983,0,1,0,1,0,1,1,0,0,0,0,+3,23,Female,Segment 1
984,1,1,1,1,1,1,1,1,1,1,0,I love it!+5,28,Female,Segment 5
985,1,1,0,1,1,1,0,1,1,0,1,+4,39,Male,Segment 7
986,0,1,0,0,0,1,0,1,0,1,0,+4,62,Female,Segment 4
987,1,1,0,1,0,1,0,1,1,0,0,I love it!+5,25,Female,Segment 7
988,1,1,0,1,1,1,0,0,1,0,0,+2,27,Female,Segment 7
989,0,1,0,0,0,1,0,0,0,0,0,-2,59,Female,Segment 1
990,0,1,1,1,1,1,1,0,0,0,0,-3,65,Male,Segment 5
991,0,0,0,0,0,0,0,1,1,0,0,-4,54,Female,Segment 2
992,1,1,0,1,0,1,1,1,0,1,0,+3,64,Male,Segment 3
993,1,1,0,0,0,1,0,1,0,0,0,+2,49,Female,Segment 4
994,1,1,0,1,1,1,1,1,1,0,0,I love it!+5,22,Female,Segment 0
995,1,1,0,1,1,1,1,1,0,0,0,+3,35,Male,Segment 0
996,1,1,0,1,1,1,0,1,1,0,0,+4,41,Female,Segment 7
997,1,1,0,1,0,1,1,1,1,1,1,+1,32,Male,Segment 3
998,1,1,0,1,1,1,0,1,0,0,0,I love it!+5,24,Female,Segment 0
999,1,1,0,0,0,1,1,1,0,1,0,I love it!+5,52,Female,Segment 4
1000,0,0,0,1,1,1,0,0,1,0,1,I hate it!-5,44,Male,Segment 2
1001,1,1,0,1,0,1,1,1,0,0,0,+4,38,Female,Segment 3
1002,1,1,0,1,1,1,1,1,0,0,0,+3,43,Female,Segment 0
1003,1,1,0,1,1,1,1,1,0,0,0,+1,32,Female,Segment 0
1004,0,1,0,1,0,1,0,0,1,0,0,-1,38,Male,Segment 1
1005,0,1,0,1,1,1,1,0,0,0,0,0,63,Female,Segment 1
1006,1,1,0,1,0,1,0,1,0,1,0,+3,46,Female,Segment 3
1007,1,1,0,1,0,1,0,1,0,0,1,+3,29,Female,Segment 3
1008,0,0,0,1,1,0,0,0,1,0,1,I hate it!-5,61,Female,Segment 2
1009,1,1,0,1,1,0,0,0,1,0,0,+2,47,Male,Segment 7
1010,1,1,0,1,1,1,0,1,1,0,0,+3,31,Male,Segment 7
1011,0,1,0,0,0,1,1,1,0,1,0,+3,35,Male,Segment 4
1012,1,1,0,1,0,1,1,1,0,0,0,+3,64,Male,Segment 3
1013,1,1,0,1,1,1,1,1,0,0,0,+2,26,Female,Segment 0
1014,0,1,1,1,1,1,1,0,0,0,0,-1,55,Female,Segment 5
1015,1,1,0,1,1,1,1,1,0,0,0,+3,46,Female,Segment 0
1016,1,1,0,0,0,1,1,1,0,0,0,I love it!+5,52,Male,Segment 4
1017,0,1,0,1,1,1,0,0,1,0,1,I hate it!-5,50,Female,Segment 6
1018,1,1,0,1,1,1,1,1,0,0,0,+3,33,Male,Segment 0
1019,1,1,0,1,0,1,1,1,0,0,0,I love it!+5,30,Female,Segment 3
1020,0,1,0,1,0,1,0,0,0,0,0,+3,46,Female,Segment 1
1021,0,1,0,1,0,1,1,0,0,0,1,0,60,Female,Segment 6
1022,1,1,0,1,0,0,1,1,0,0,0,+3,27,Male,Segment 3
1023,1,1,0,1,0,1,1,1,0,0,0,+2,51,Female,Segment 3
1024,1,1,0,0,0,1,1,1,0,1,0,+4,41,Female,Segment 4
1025,1,1,0,1,0,1,1,1,0,0,0,+2,67,Female,Segment 3
1026,0,0,0,1,1,0,0,0,1,0,1,I hate it!-5,63,Female,Segment 2
1027,1,1,0,1,0,1,0,1,0,1,0,+3,65,Female,Segment 3
1028,0,1,0,1,1,0,0,0,1,0,1,0,59,Male,Segment 6
1029,1,1,0,1,1,1,0,1,1,0,0,0,34,Female,Segment 7
1030,0,1,0,1,1,1,1,1,0,0,0,0,34,Female,Segment 0
1031,1,1,0,1,1,1,1,1,0,0,0,+4,53,Female,Segment 0
1032,1,1,0,1,0,1,1,1,0,1,0,+2,31,Female,Segment 3
1033,1,1,0,0,0,1,1,1,0,1,0,I love it!+5,58,Female,Segment 4
1034,1,1,0,0,0,1,1,1,0,0,0,+2,39,Male,Segment 4
1035,1,1,1,1,0,1,1,1,0,0,0,+4,66,Male,Segment 5
1036,1,1,0,1,0,1,1,1,0,0,0,0,55,Male,Segment 3
1037,1,1,0,1,0,1,0,1,1,0,0,I love it!+5,28,Female,Segment 7
1038,1,1,0,1,1,0,0,1,1,0,1,I hate it!-5,34,Female,Segment 7
1039,1,1,0,1,0,1,0,1,1,0,0,+4,24,Male,Segment 7
1040,1,1,1,0,0,1,1,0,0,1,0,0,59,Female,Segment 4
1041,1,1,0,0,0,1,1,1,0,1,0,+3,67,Female,Segment 4
1042,0,1,0,1,1,1,1,0,0,0,1,+1,52,Female,Segment 6
1043,0,1,0,1,0,1,0,1,1,0,0,+2,41,Male,Segment 7
1044,1,1,0,1,0,1,1,1,0,1,0,I love it!+5,37,Female,Segment 3
1045,1,1,0,1,1,1,1,1,0,0,0,I love it!+5,18,Male,Segment 0
1046,1,1,0,0,0,1,1,1,0,1,0,+4,63,Male,Segment 4
1047,1,1,1,1,1,1,1,1,0,0,0,+4,24,Male,Segment 5
1048,1,1,0,0,0,1,1,1,0,0,0,I love it!+5,57,Male,Segment 4
1049,1,1,0,1,0,1,1,1,0,0,0,0,40,Male,Segment 3
1050,1,1,0,1,1,1,0,1,1,0,0,+2,20,Male,Segment 7
1051,1,1,0,1,1,1,0,1,0,0,0,+1,55,Male,Segment 7
1052,1,1,0,1,1,1,0,1,1,1,0,+2,18,Female,Segment 7
1053,1,1,0,1,0,0,0,0,1,0,0,+1,42,Male,Segment 7
1054,0,1,0,1,0,1,1,0,1,0,1,-4,47,Female,Segment 6
1055,0,1,0,1,0,1,0,0,1,0,0,+3,40,Male,Segment 1
1056,1,1,0,1,0,1,1,1,0,1,0,+3,35,Female,Segment 3
1057,1,1,0,1,1,1,1,0,0,0,0,+1,64,Male,Segment 1
1058,0,1,0,1,1,0,1,1,0,0,1,-2,50,Female,Segment 6
1059,1,1,0,0,0,1,1,1,0,1,0,I love it!+5,55,Female,Segment 4
1060,0,0,0,1,1,1,1,0,0,0,1,-4,64,Female,Segment 2
1061,0,1,0,1,1,1,0,0,1,0,1,-4,49,Female,Segment 6
1062,1,1,0,0,0,0,0,1,1,0,0,0,49,Male,Segment 7
1063,0,1,0,1,0,1,1,0,0,0,0,+3,49,Female,Segment 1
1064,0,1,0,1,1,1,0,0,1,0,1,-4,50,Male,Segment 6
1065,1,1,0,1,0,1,0,1,1,1,0,0,65,Male,Segment 7
1066,0,1,1,1,1,1,0,0,1,0,1,I hate it!-5,49,Male,Segment 5
1067,1,1,0,1,1,1,1,1,0,0,0,+4,36,Male,Segment 0
1068,1,1,0,1,1,1,0,1,1,1,0,+4,31,Female,Segment 7
1069,1,1,0,1,1,1,1,1,0,0,0,I love it!+5,25,Female,Segment 0
1070,1,1,0,1,0,1,1,1,0,0,0,+3,51,Male,Segment 3
1071,0,1,0,1,0,0,0,0,1,0,0,+1,41,Male,Segment 7
1072,0,1,0,1,1,1,1,0,0,0,0,-1,58,Female,Segment 1
1073,0,1,1,1,0,1,1,1,0,0,0,0,69,Male,Segment 5
1074,1,1,0,1,0,1,1,1,0,0,0,+3,22,Female,Segment 3
1075,1,1,0,1,0,1,0,1,1,0,0,I love it!+5,39,Male,Segment 7
1076,0,1,0,1,1,0,1,0,0,0,0,-2,58,Female,Segment 1
1077,0,1,0,0,1,0,0,0,1,0,0,-1,47,Male,Segment 1
1078,0,1,0,1,0,1,0,1,1,0,0,+1,62,Male,Segment 7
1079,1,1,0,1,0,1,1,1,0,0,0,+3,49,Male,Segment 3
1080,0,1,1,1,0,1,1,1,0,0,0,-3,65,Female,Segment 5
1081,1,1,0,1,0,1,1,1,0,1,0,I love it!+5,39,Female,Segment 3
1082,0,1,0,1,1,0,1,0,0,0,1,-3,33,Female,Segment 6
1083,1,1,0,1,0,0,0,1,1,0,0,+4,33,Male,Segment 7
1084,0,1,0,1,0,1,0,1,1,0,0,+1,64,Male,Segment 7
1085,0,1,0,1,1,1,1,1,0,0,0,-2,18,Male,Segment 0
1086,1,1,0,1,0,1,1,1,0,1,0,+1,67,Male,Segment 3
1087,0,1,0,1,0,1,0,0,1,0,1,I hate it!-5,62,Female,Segment 6
1088,0,1,0,1,1,1,1,1,0,0,0,-4,56,Female,Segment 1
1089,0,1,0,1,1,0,1,1,0,1,0,I hate it!-5,36,Female,Segment 1
1090,0,1,0,1,0,0,0,1,0,1,0,+1,68,Male,Segment 1
1091,1,1,0,0,0,1,0,1,0,1,0,+3,42,Female,Segment 4
1092,1,1,0,1,0,0,0,1,1,0,0,+2,39,Male,Segment 7
1093,1,1,0,1,1,1,1,1,0,0,0,+3,24,Female,Segment 0
1094,1,1,0,1,1,1,0,1,1,0,0,+4,38,Female,Segment 7
1095,1,1,0,0,0,1,0,1,1,0,0,I love it!+5,52,Male,Segment 4
1096,1,1,0,0,0,1,1,1,0,1,0,+2,43,Female,Segment 4
1097,0,1,0,1,0,1,1,0,0,0,0,0,57,Male,Segment 1
1098,0,1,1,1,1,1,1,0,0,0,0,-4,59,Female,Segment 5
1099,0,0,0,1,0,0,0,1,0,0,1,I hate it!-5,57,Female,Segment 2
1100,1,1,0,1,0,1,1,1,0,0,0,0,43,Male,Segment 3
1101,1,1,0,1,1,1,1,1,0,1,0,I love it!+5,25,Female,Segment 0
1102,1,1,0,1,0,1,1,1,0,1,0,+2,61,Female,Segment 3
1103,1,1,0,1,1,1,0,1,1,0,0,I love it!+5,25,Female,Segment 7
1104,0,0,0,1,1,1,0,0,1,0,1,I hate it!-5,70,Female,Segment 2
1105,0,1,0,1,1,1,1,0,0,0,0,+2,54,Male,Segment 1
1106,1,1,1,1,0,1,1,1,0,0,0,I love it!+5,60,Male,Segment 5
1107,0,1,0,1,1,1,0,0,0,0,0,-4,59,Male,Segment 1
1108,0,0,0,1,1,0,0,0,1,0,1,I hate it!-5,66,Male,Segment 2
1109,1,1,0,1,0,0,1,0,0,1,0,+4,51,Male,Segment 3
1110,1,1,0,1,0,1,0,1,1,0,0,+1,57,Female,Segment 7
1111,0,1,0,1,1,1,1,0,0,0,0,+2,61,Female,Segment 1
1112,1,1,0,1,1,0,0,1,1,1,0,+3,31,Female,Segment 7
1113,1,1,0,1,1,1,0,1,1,0,0,+2,27,Male,Segment 7
1114,1,1,0,1,1,1,1,1,0,0,0,+3,36,Male,Segment 0
1115,0,1,0,1,1,1,0,0,1,0,1,I hate it!-5,45,Female,Segment 6
1116,0,1,0,1,1,1,1,0,0,0,1,-3,53,Female,Segment 6
1117,0,1,0,0,0,1,1,1,0,1,0,+3,42,Female,Segment 4
1118,0,1,0,1,1,1,1,1,0,0,0,0,50,Female,Segment 1
1119,0,1,0,1,0,1,1,0,0,0,1,+2,51,Female,Segment 6
1120,0,0,0,1,1,1,0,0,1,0,1,-4,36,Male,Segment 2
1121,1,1,0,1,0,1,0,1,0,0,0,-1,55,Female,Segment 3
1122,0,1,0,1,1,1,0,1,0,0,0,0,67,Male,Segment 1
1123,1,1,0,0,0,1,1,1,0,0,0,0,56,Male,Segment 4
1124,0,1,0,1,1,1,1,0,0,0,0,0,70,Female,Segment 1
1125,0,0,1,1,1,1,1,1,0,0,1,I hate it!-5,58,Female,Segment 5
1126,0,0,0,1,1,1,0,0,1,0,1,I hate it!-5,44,Male,Segment 2
1127,0,1,0,1,0,1,1,0,1,0,0,I hate it!-5,52,Female,Segment 1
1128,1,1,0,1,1,1,1,0,0,0,0,-3,61,Female,Segment 1
1129,1,1,0,1,0,1,1,1,0,0,0,+3,33,Female,Segment 3
1130,1,1,0,1,1,1,1,1,0,0,0,+4,30,Female,Segment 0
1131,0,0,0,1,1,0,0,0,1,0,1,I hate it!-5,37,Male,Segment 2
1132,1,1,0,1,1,1,0,1,1,0,0,+3,26,Male,Segment 7
1133,0,1,1,1,0,1,0,0,1,0,0,0,65,Female,Segment 5
1134,1,1,0,1,0,1,1,1,0,0,0,I love it!+5,38,Female,Segment 3
1135,1,1,0,1,0,1,1,1,0,0,0,+1,29,Female,Segment 3
1136,0,1,1,1,0,1,0,0,1,0,1,I hate it!-5,62,Female,Segment 5
1137,0,1,0,1,0,1,1,1,0,0,0,+4,21,Male,Segment 3
1138,0,1,0,1,0,1,1,0,0,0,0,-3,35,Female,Segment 1
1139,1,0,0,1,1,1,1,1,1,0,1,I love it!+5,27,Male,Segment 0
1140,0,0,0,1,1,1,0,0,1,0,1,I hate it!-5,19,Male,Segment 2
1141,1,1,0,1,1,1,0,1,0,0,0,I love it!+5,29,Male,Segment 0
1142,1,1,0,1,0,1,0,0,1,0,0,+3,29,Male,Segment 7
1143,1,1,0,1,1,1,1,1,0,0,0,+4,29,Male,Segment 0
1144,1,1,0,1,0,1,1,1,0,0,0,+3,31,Female,Segment 3
1145,1,1,0,1,1,1,1,1,0,0,0,+1,55,Female,Segment 0
1146,1,1,0,1,1,1,1,1,0,0,0,+2,36,Male,Segment 0
1147,0,1,0,1,1,1,1,1,0,0,1,+1,48,Female,Segment 6
1148,1,1,0,1,1,1,1,1,0,0,0,+2,23,Female,Segment 0
1149,1,1,0,1,1,1,1,1,0,0,0,I love it!+5,35,Male,Segment 0
1150,0,1,0,1,0,1,1,0,0,0,1,0,29,Male,Segment 6
1151,0,1,0,1,1,1,1,1,0,0,1,0,52,Female,Segment 6
1152,1,1,0,1,1,1,1,1,0,0,0,+4,32,Male,Segment 0
1153,0,1,0,1,0,1,1,0,0,0,0,+3,39,Female,Segment 1
1154,1,1,0,1,0,1,1,1,0,0,0,+3,55,Female,Segment 3
1155,1,1,0,1,0,1,1,1,0,0,0,+1,41,Male,Segment 3
1156,0,1,0,1,1,1,1,0,0,0,1,I hate it!-5,55,Female,Segment 6
1157,1,1,0,1,0,1,1,1,0,0,0,I love it!+5,29,Female,Segment 3
1158,1,1,0,0,0,1,1,1,0,1,0,+3,35,Male,Segment 4
1159,1,1,0,0,0,1,1,1,1,1,0,I love it!+5,44,Male,Segment 4
1160,0,1,0,1,0,1,1,1,0,1,0,+1,60,Female,Segment 3
1161,1,1,0,1,0,1,0,1,1,0,0,I love it!+5,40,Female,Segment 7
1162,0,1,1,1,1,1,0,0,0,0,0,I hate it!-5,45,Female,Segment 5
1163,0,1,0,1,1,1,1,0,0,0,0,-2,37,Female,Segment 1
1164,1,1,0,0,0,1,1,1,1,1,0,I love it!+5,30,Male,Segment 4
1165,1,1,0,1,0,1,0,1,0,0,0,+1,53,Male,Segment 3
1166,0,1,0,1,1,1,0,0,1,0,1,I hate it!-5,33,Male,Segment 6
1167,0,1,0,1,0,1,0,0,0,0,0,-1,37,Male,Segment 1
1168,1,1,0,1,1,1,1,1,0,0,0,+4,33,Male,Segment 0
1169,1,1,0,1,0,0,1,1,0,1,0,I love it!+5,37,Female,Segment 3
1170,1,1,0,1,1,1,0,0,0,0,0,+1,57,Male,Segment 1
1171,0,0,0,1,1,1,1,0,0,0,1,I hate it!-5,53,Female,Segment 2
1172,1,1,0,1,0,1,0,1,0,1,0,+3,46,Female,Segment 3
1173,0,1,0,1,1,1,0,1,1,0,1,0,62,Male,Segment 6
1174,1,1,0,1,0,1,1,1,0,0,0,I love it!+5,53,Female,Segment 3
1175,0,1,0,1,0,1,1,0,0,0,1,-1,53,Male,Segment 6
1176,1,1,0,1,1,1,1,1,0,1,0,+4,35,Female,Segment 0
1177,0,1,0,0,1,1,0,0,1,0,1,-3,52,Male,Segment 6
1178,1,1,0,1,1,1,1,1,0,0,0,+3,23,Female,Segment 0
1179,0,1,0,1,1,1,0,0,1,0,1,0,57,Female,Segment 6
1180,1,0,0,1,1,1,0,1,1,0,0,+4,29,Female,Segment 7
1181,1,1,1,1,1,1,0,1,1,1,0,0,35,Female,Segment 5
1182,0,0,0,1,1,1,0,0,1,0,1,-4,44,Male,Segment 2
1183,0,1,0,1,1,0,1,0,0,0,1,I hate it!-5,57,Female,Segment 6
1184,1,1,0,1,0,1,0,1,1,0,0,+4,49,Male,Segment 7
1185,1,1,1,0,0,1,1,1,0,1,0,+4,63,Male,Segment 4
1186,1,1,0,1,1,1,1,1,0,0,0,+4,50,Male,Segment 0
1187,1,1,0,1,1,1,1,1,0,0,0,+3,69,Male,Segment 0
1188,1,1,0,0,0,1,0,1,1,1,0,I love it!+5,55,Male,Segment 4
1189,0,1,0,0,0,1,1,0,0,0,0,+2,44,Female,Segment 4
1190,0,1,0,1,0,1,1,0,0,1,0,+1,65,Female,Segment 1
1191,1,1,0,1,1,0,0,1,1,0,1,+3,30,Female,Segment 7
1192,0,1,0,1,0,1,0,0,0,0,0,-2,70,Female,Segment 1
1193,0,0,0,1,1,0,0,0,1,0,1,-2,67,Female,Segment 2
1194,0,1,1,1,1,1,0,1,1,0,0,0,60,Male,Segment 5
1195,1,1,0,1,1,1,0,1,1,0,0,+2,31,Female,Segment 7
1196,1,1,0,1,1,1,1,1,0,1,0,+3,50,Female,Segment 0
1197,0,1,0,1,1,1,0,0,1,0,1,I hate it!-5,66,Female,Segment 6
1198,1,1,0,1,1,1,1,1,0,1,0,+3,24,Male,Segment 0
1199,1,1,0,1,1,1,0,0,0,0,0,+3,50,Female,Segment 1
1200,1,1,0,1,0,1,1,1,0,0,0,0,42,Female,Segment 3
1201,1,1,0,1,1,1,1,1,0,1,0,I love it!+5,23,Female,Segment 0
1202,1,1,0,1,1,1,0,1,1,0,0,+3,24,Female,Segment 7
1203,1,1,0,1,0,1,1,1,0,0,0,+3,57,Male,Segment 3
1204,0,1,0,1,0,1,0,0,1,0,0,I hate it!-5,64,Male,Segment 1
1205,0,0,0,0,0,1,1,1,0,0,0,+1,63,Female,Segment 4
1206,1,1,1,1,1,1,1,1,0,0,1,-1,62,Female,Segment 5
1207,1,1,0,1,1,1,0,1,1,0,0,I love it!+5,19,Female,Segment 7
1208,1,1,0,1,0,1,0,1,1,0,0,I love it!+5,22,Female,Segment 7
1209,1,1,0,1,1,0,1,1,0,0,1,+1,20,Female,Segment 0
1210,1,1,0,1,0,1,1,1,0,0,0,+1,32,Female,Segment 3
1211,1,1,0,1,0,1,1,1,0,1,0,+2,22,Female,Segment 3
1212,0,1,0,1,1,1,0,0,1,0,1,-2,28,Female,Segment 6
1213,1,1,0,0,0,1,1,1,0,1,1,+4,47,Female,Segment 4
1214,0,1,0,1,0,1,1,0,0,0,0,0,63,Male,Segment 1
1215,1,1,0,1,1,1,0,1,1,1,1,-4,44,Male,Segment 7
1216,1,1,0,1,1,1,0,1,0,0,0,+1,27,Female,Segment 0
1217,0,1,0,1,1,1,1,0,0,0,0,-2,22,Male,Segment 1
1218,0,1,0,1,1,1,1,1,0,0,0,-2,66,Female,Segment 1
1219,0,1,0,1,1,1,1,1,0,0,0,+1,68,Male,Segment 1
1220,0,1,1,1,1,1,1,1,1,0,1,I hate it!-5,59,Male,Segment 5
1221,1,1,0,1,1,0,1,1,0,0,0,+3,20,Female,Segment 0
1222,1,1,0,1,1,1,0,1,1,0,0,+3,39,Female,Segment 7
1223,0,1,0,1,1,1,1,0,0,0,1,0,24,Female,Segment 6
1224,0,1,0,1,0,1,1,0,0,0,0,+3,49,Male,Segment 1
1225,0,1,0,1,1,0,0,0,1,0,1,-1,42,Male,Segment 6
1226,1,1,0,1,1,1,1,1,0,0,0,+4,20,Female,Segment 0
1227,0,0,0,1,1,0,0,0,1,0,1,I hate it!-5,27,Female,Segment 2
1228,0,1,0,1,1,1,1,0,0,0,1,-3,22,Female,Segment 6
1229,0,1,0,1,1,1,1,0,0,0,1,I hate it!-5,26,Male,Segment 6
1230,1,1,1,0,0,1,1,1,0,1,0,+4,58,Male,Segment 4
1231,0,0,0,1,1,0,0,0,1,0,1,I hate it!-5,35,Male,Segment 2
1232,0,1,0,1,1,1,1,1,0,0,0,0,28,Male,Segment 0
1233,0,1,0,1,1,1,1,0,0,0,0,-4,60,Female,Segment 1
1234,0,1,0,1,1,1,0,0,0,0,0,I hate it!-5,61,Female,Segment 1
1235,1,1,0,1,0,1,0,1,1,0,0,+3,59,Male,Segment 7
1236,0,1,0,1,1,1,1,0,0,0,0,+1,64,Female,Segment 1
1237,0,1,0,1,1,1,0,1,1,0,1,0,19,Female,Segment 6
1238,0,1,1,0,0,1,1,1,0,0,0,-2,69,Female,Segment 5
1239,0,1,0,0,1,1,0,1,0,0,0,+2,44,Male,Segment 4
1240,1,1,0,1,1,1,1,1,0,0,0,+2,29,Female,Segment 0
1241,0,1,0,1,1,1,1,0,0,0,0,0,27,Male,Segment 1
1242,1,1,0,1,1,1,1,1,0,0,1,I love it!+5,26,Male,Segment 0
1243,0,1,0,1,1,1,1,0,0,0,0,-1,59,Female,Segment 1
1244,1,1,0,1,1,1,0,0,1,0,0,-3,40,Male,Segment 7
1245,1,1,0,1,0,1,1,1,1,0,1,I love it!+5,32,Male,Segment 7
1246,0,1,0,0,0,1,1,0,0,0,1,-3,49,Female,Segment 6
1247,1,1,0,1,0,0,0,1,1,0,0,+2,58,Male,Segment 7
1248,1,1,0,1,0,1,1,1,0,1,0,I love it!+5,44,Female,Segment 3
1249,0,1,0,1,0,1,0,0,0,0,1,-2,54,Male,Segment 6
1250,1,1,0,1,1,1,1,1,0,0,0,+1,31,Female,Segment 0
1251,1,1,0,1,0,1,1,1,0,0,0,0,45,Female,Segment 3
1252,0,1,0,1,0,1,1,1,0,0,0,+1,50,Male,Segment 3
1253,1,1,0,1,1,1,0,1,1,0,0,+1,23,Male,Segment 7
1254,0,1,0,1,0,1,0,0,1,0,1,-3,45,Female,Segment 6
1255,0,1,0,0,1,1,0,1,1,0,0,+3,30,Male,Segment 7
1256,1,1,0,1,1,1,1,1,0,0,1,I love it!+5,31,Male,Segment 0
1257,0,1,0,1,1,1,1,1,0,0,1,+2,40,Female,Segment 6
1258,1,1,0,0,0,1,1,1,0,1,0,+4,63,Male,Segment 4
1259,1,1,0,1,0,1,1,1,0,1,0,+3,62,Female,Segment 3
1260,1,1,0,1,1,1,0,1,1,0,0,I love it!+5,22,Male,Segment 7
1261,1,1,0,0,0,1,1,1,0,1,0,+3,45,Female,Segment 4
1262,1,1,1,1,1,1,0,1,1,0,0,0,54,Female,Segment 5
1263,0,0,0,0,0,0,0,0,0,0,0,I hate it!-5,70,Female,Segment 2
1264,1,1,0,1,1,1,1,1,0,0,1,0,40,Male,Segment 0
1265,0,1,0,1,1,1,1,0,0,0,0,-1,43,Male,Segment 1
1266,1,1,0,1,1,1,0,1,1,1,0,+2,43,Male,Segment 7
1267,0,1,0,1,1,1,0,1,1,0,1,-2,47,Female,Segment 6
1268,0,1,0,1,1,1,1,0,0,0,0,-4,29,Female,Segment 1
1269,1,1,0,1,1,1,1,1,0,0,0,+4,66,Female,Segment 0
1270,0,1,0,1,1,1,0,0,1,0,1,-1,22,Male,Segment 6
1271,1,1,0,0,0,1,1,1,0,1,0,+3,64,Female,Segment 4
1272,1,1,0,1,1,1,0,1,1,0,0,0,38,Male,Segment 7
1273,1,1,0,0,0,0,0,0,0,0,0,-1,54,Male,Segment 4
1274,0,0,0,1,1,1,0,0,1,0,1,I hate it!-5,42,Male,Segment 2
1275,0,1,0,1,1,1,1,0,0,0,0,-4,68,Female,Segment 1
1276,0,1,1,1,1,1,1,0,0,0,1,I hate it!-5,65,Female,Segment 5
1277,1,1,0,1,1,1,1,1,0,1,0,+3,18,Female,Segment 0
1278,0,1,0,1,0,1,1,1,0,0,0,+3,53,Female,Segment 3
1279,1,1,0,1,0,1,0,1,1,0,0,+2,42,Female,Segment 7
1280,1,1,0,1,0,1,0,1,0,0,0,I love it!+5,30,Female,Segment 3
1281,1,1,0,1,0,1,1,1,0,1,0,+2,53,Male,Segment 3
1282,1,1,0,1,1,1,1,1,0,0,0,+4,27,Male,Segment 0
1283,1,1,0,1,1,1,1,1,0,0,0,+3,23,Male,Segment 0
1284,0,0,0,0,0,0,0,0,1,0,1,I hate it!-5,40,Male,Segment 2
1285,1,0,0,1,0,1,1,1,0,0,0,+3,60,Male,Segment 3
1286,0,1,0,1,1,1,0,0,1,0,0,0,59,Male,Segment 1
1287,0,0,0,1,1,0,0,0,1,0,1,-3,49,Male,Segment 2
1288,0,1,0,1,1,1,0,0,1,0,1,0,44,Male,Segment 6
1289,0,0,0,1,1,1,0,0,1,0,1,-4,62,Male,Segment 2
1290,1,1,0,1,0,1,0,1,1,0,0,0,37,Female,Segment 7
1291,1,1,0,1,1,1,1,1,0,0,0,+3,26,Female,Segment 0
1292,0,1,0,1,1,1,1,1,0,0,1,-4,58,Female,Segment 6
1293,1,1,0,1,1,0,0,1,1,1,0,I love it!+5,30,Female,Segment 7
1294,0,1,0,1,1,1,1,0,0,0,0,+1,51,Female,Segment 1
1295,0,1,0,1,0,1,0,0,1,0,0,+3,60,Male,Segment 1
1296,1,1,0,1,0,0,0,1,1,0,0,+3,35,Female,Segment 7
1297,1,1,1,1,0,1,1,1,0,0,0,+2,60,Female,Segment 5
1298,0,1,0,1,0,1,1,0,0,0,0,I hate it!-5,65,Female,Segment 1
1299,0,1,0,1,0,1,1,1,0,0,0,+2,58,Female,Segment 3
1300,0,0,0,1,1,1,1,0,0,0,1,I hate it!-5,49,Male,Segment 2
1301,1,1,0,1,1,1,1,1,0,0,0,+1,58,Female,Segment 0
1302,1,1,0,1,1,0,1,1,0,0,0,+3,26,Female,Segment 0
1303,1,1,0,1,1,1,1,0,0,0,0,0,59,Male,Segment 1
1304,1,1,1,1,1,1,0,1,0,0,1,-1,28,Female,Segment 5
1305,0,1,0,1,1,1,0,1,0,0,0,+1,24,Female,Segment 0
1306,1,1,0,1,1,1,0,1,1,0,0,+3,36,Male,Segment 7
1307,0,0,1,1,1,0,1,0,0,1,1,I hate it!-5,66,Male,Segment 2
1308,0,1,0,0,0,1,1,0,0,0,0,0,58,Male,Segment 1
1309,0,1,0,1,1,1,1,1,0,0,0,-1,31,Female,Segment 0
1310,1,1,0,1,0,1,1,1,0,0,0,+4,27,Male,Segment 3
1311,1,1,0,1,1,1,1,1,1,0,1,+4,20,Male,Segment 0
1312,1,1,0,0,0,1,0,1,1,1,0,I love it!+5,37,Male,Segment 4
1313,1,1,0,1,0,1,1,1,0,0,0,+1,34,Female,Segment 3
1314,0,0,0,1,1,1,1,0,0,0,1,I hate it!-5,47,Male,Segment 2
1315,1,1,0,1,1,1,1,1,0,0,0,+4,25,Female,Segment 0
1316,0,1,1,1,1,1,0,1,1,0,1,I hate it!-5,67,Male,Segment 5
1317,1,1,0,0,0,0,1,1,0,0,0,+4,57,Female,Segment 4
1318,1,1,0,1,0,1,1,1,0,0,0,+3,48,Female,Segment 3
1319,1,1,0,0,0,1,1,1,0,1,0,+3,64,Female,Segment 4
1320,0,1,0,1,1,1,0,0,1,0,1,I hate it!-5,38,Female,Segment 6
1321,0,1,0,1,1,0,0,0,1,0,1,-3,44,Male,Segment 6
1322,1,1,0,1,0,1,1,1,0,0,0,+3,47,Female,Segment 3
1323,0,1,0,1,1,1,1,1,1,0,0,-4,53,Female,Segment 1
1324,1,1,1,0,0,1,1,1,0,0,0,I love it!+5,37,Male,Segment 4
1325,1,0,0,1,1,1,0,1,1,0,0,I love it!+5,25,Male,Segment 7
1326,0,1,0,1,0,1,0,1,1,0,0,+4,21,Male,Segment 7
1327,0,1,0,1,1,0,0,0,1,0,1,I hate it!-5,60,Female,Segment 6
1328,0,1,0,1,0,1,0,0,1,1,0,-2,48,Female,Segment 1
1329,0,1,0,1,1,1,0,0,1,0,0,-4,38,Female,Segment 1
1330,1,1,0,1,1,1,0,1,1,0,0,+3,24,Male,Segment 7
1331,0,1,0,1,1,1,0,0,1,0,0,+3,26,Male,Segment 7
1332,1,1,0,1,1,1,0,1,1,0,0,+4,40,Female,Segment 7
1333,1,1,0,1,0,1,0,1,1,0,0,+2,62,Male,Segment 7
1334,1,1,0,1,0,1,1,1,0,0,0,+1,26,Male,Segment 3
1335,0,1,0,1,0,1,1,1,0,0,0,0,65,Female,Segment 3
1336,0,1,0,1,1,0,0,1,1,0,0,+2,50,Male,Segment 7
1337,0,0,0,0,0,1,1,0,0,0,0,0,26,Female,Segment 2
1338,0,1,0,1,1,1,1,0,0,0,0,-2,44,Female,Segment 1
1339,0,1,0,1,0,1,0,0,0,0,0,0,48,Male,Segment 1
1340,0,1,0,1,1,1,0,0,1,0,1,0,29,Female,Segment 6
1341,0,1,0,1,1,1,0,0,0,0,0,-4,60,Female,Segment 1
1342,1,1,1,1,0,1,1,1,0,1,0,I love it!+5,18,Male,Segment 5
1343,0,1,0,1,1,1,1,0,0,0,1,-3,37,Female,Segment 6
1344,1,1,0,1,0,1,1,0,1,0,1,-3,55,Female,Segment 6
1345,0,1,0,1,1,1,1,0,0,0,0,+2,39,Female,Segment 1
1346,1,1,0,1,0,1,0,1,1,1,0,+4,55,Male,Segment 7
1347,1,1,1,1,1,1,1,1,0,0,0,+1,18,Male,Segment 5
1348,1,1,0,1,0,1,0,1,1,0,0,I love it!+5,21,Female,Segment 7
1349,1,1,0,1,0,1,0,1,1,1,0,+2,31,Male,Segment 7
1350,1,1,0,1,0,1,1,1,0,1,0,+3,28,Female,Segment 3
1351,1,1,0,1,1,1,0,1,1,0,0,+4,39,Male,Segment 7
1352,0,1,0,1,0,1,1,1,0,0,0,+1,51,Male,Segment 3
1353,1,1,0,1,1,1,1,1,0,1,0,I love it!+5,18,Female,Segment 0
1354,0,1,0,1,0,1,1,0,0,0,1,I hate it!-5,44,Female,Segment 6
1355,0,1,1,1,1,1,1,0,0,0,1,-4,66,Male,Segment 5
1356,0,1,0,1,1,1,1,0,0,0,1,-3,34,Female,Segment 6
1357,1,1,0,1,0,1,1,1,0,0,0,+1,53,Female,Segment 3
1358,0,0,0,1,1,1,0,0,1,0,0,-3,42,Male,Segment 2
1359,1,1,0,1,1,1,1,1,0,0,0,+3,38,Female,Segment 0
1360,1,1,0,1,1,1,1,1,0,0,0,+3,29,Female,Segment 0
1361,0,1,0,1,1,1,0,1,0,0,0,0,57,Male,Segment 1
1362,1,1,0,1,0,1,1,1,1,1,0,I love it!+5,26,Male,Segment 3
1363,1,1,0,1,0,1,0,1,1,0,0,+3,30,Female,Segment 7
1364,0,1,0,1,0,1,1,1,0,0,1,+1,46,Male,Segment 6
1365,0,1,0,1,0,1,1,0,0,0,0,0,61,Male,Segment 1
1366,1,1,0,1,0,1,1,1,0,0,0,0,39,Male,Segment 3
1367,1,1,0,1,0,1,1,1,0,0,0,+3,62,Male,Segment 3
1368,1,1,0,1,0,1,1,1,1,1,0,+4,43,Female,Segment 3
1369,1,1,0,1,1,1,1,1,0,0,0,+3,36,Female,Segment 0
1370,1,1,0,0,1,1,1,1,0,0,0,+3,60,Female,Segment 4
1371,0,1,0,1,0,1,1,0,0,0,0,-4,54,Female,Segment 1
1372,0,1,0,1,0,1,1,1,0,0,0,0,48,Male,Segment 3
1373,1,1,0,1,1,1,1,1,0,0,0,+2,20,Male,Segment 0
1374,1,1,0,1,1,1,1,1,0,0,0,+2,27,Female,Segment 0
1375,0,1,0,1,0,1,1,1,0,0,0,-1,68,Female,Segment 1
1376,0,1,0,1,1,1,1,1,0,0,0,-1,70,Male,Segment 1
1377,1,1,0,1,1,1,1,1,0,0,0,+3,28,Female,Segment 0
1378,0,1,0,1,1,1,1,0,0,0,1,I hate it!-5,59,Female,Segment 6
1379,0,1,0,0,0,1,1,0,0,0,0,-2,45,Male,Segment 1
1380,1,1,0,0,0,1,0,1,1,1,0,+2,67,Male,Segment 4
1381,1,1,0,1,1,1,0,0,1,0,1,+3,26,Female,Segment 7
1382,0,0,0,1,1,1,0,0,1,0,1,I hate it!-5,42,Male,Segment 2
1383,0,1,0,0,0,1,1,0,0,0,0,+4,55,Male,Segment 4
1384,0,1,0,1,1,1,0,0,0,0,1,-2,30,Female,Segment 6
1385,1,1,0,0,0,1,0,1,0,1,0,I love it!+5,33,Male,Segment 4
1386,0,1,0,1,0,1,1,0,0,0,0,-3,60,Female,Segment 1
1387,1,1,0,1,0,1,1,1,0,0,0,+3,57,Female,Segment 3
1388,0,1,0,1,1,1,1,1,0,0,0,0,44,Male,Segment 0
1389,1,1,1,1,0,1,1,1,0,0,0,+4,59,Female,Segment 5
1390,0,0,0,1,1,1,1,0,0,0,1,I hate it!-5,35,Male,Segment 2
1391,0,1,0,1,1,1,1,0,0,0,0,+1,60,Male,Segment 1
1392,0,1,0,1,1,1,1,0,0,1,1,I hate it!-5,67,Female,Segment 6
1393,1,1,0,1,1,1,1,1,0,0,0,+4,29,Female,Segment 0
1394,1,1,0,1,1,1,1,1,0,0,0,+4,22,Female,Segment 0
1395,1,0,0,0,0,1,0,1,0,0,0,+4,54,Female,Segment 4
1396,1,1,0,1,0,1,0,1,1,1,0,+3,21,Female,Segment 7
1397,0,1,1,0,0,1,0,1,0,0,0,+4,62,Female,Segment 5
1398,0,1,0,1,1,1,1,0,0,0,1,I hate it!-5,53,Male,Segment 6
1399,0,1,0,1,1,1,0,0,1,0,1,-4,37,Female,Segment 6
1400,1,1,0,1,1,1,1,1,0,1,0,I love it!+5,44,Female,Segment 0
1401,0,1,0,1,1,1,1,0,0,0,1,I hate it!-5,52,Female,Segment 6
1402,0,1,0,1,0,1,0,0,1,0,0,+1,55,Male,Segment 1
1403,0,1,0,1,1,1,0,0,0,0,1,-3,32,Female,Segment 6
1404,0,0,0,1,1,0,0,0,1,0,1,I hate it!-5,32,Female,Segment 2
1405,1,1,0,1,0,1,0,1,1,0,0,+2,47,Male,Segment 7
1406,0,1,0,1,1,1,0,0,0,0,1,I hate it!-5,31,Male,Segment 6
1407,0,1,0,1,0,1,0,1,1,0,0,+1,55,Male,Segment 7
1408,0,1,0,1,1,1,0,0,1,1,0,-4,60,Female,Segment 1
1409,1,1,0,1,0,1,0,1,1,0,0,I love it!+5,70,Male,Segment 7
1410,1,1,0,1,0,0,1,1,0,0,0,+4,49,Female,Segment 3
1411,1,1,0,1,1,1,1,1,0,0,0,+2,55,Female,Segment 0
1412,0,0,0,1,1,1,1,0,0,0,0,-2,50,Female,Segment 2
1413,1,1,0,1,0,1,1,1,0,0,0,+3,26,Male,Segment 3
1414,0,1,0,1,0,1,1,0,0,0,1,-4,55,Male,Segment 6
1415,0,1,0,1,1,1,0,1,1,0,1,-3,57,Male,Segment 6
1416,0,1,0,1,1,1,1,0,0,0,0,-1,20,Female,Segment 1
1417,1,1,0,1,0,1,0,1,1,1,0,+4,46,Female,Segment 7
1418,0,0,0,1,1,1,1,0,0,0,1,I hate it!-5,62,Female,Segment 2
1419,0,1,0,1,1,1,1,0,0,0,1,0,59,Female,Segment 6
1420,1,1,0,1,0,1,1,1,0,0,0,+3,53,Female,Segment 3
1421,1,1,0,1,1,1,1,1,0,0,0,+3,57,Female,Segment 0
1422,1,1,0,1,0,1,1,1,0,0,0,+1,59,Female,Segment 3
1423,1,1,0,1,0,1,1,1,0,0,0,+3,41,Male,Segment 3
1424,0,1,0,1,0,1,1,0,0,0,0,+1,36,Male,Segment 1
1425,1,1,0,1,0,1,1,1,0,0,0,+4,57,Male,Segment 3
1426,1,0,0,0,0,1,1,1,0,0,0,I love it!+5,33,Female,Segment 4
1427,0,1,0,1,0,1,0,0,1,1,0,+3,38,Female,Segment 1
1428,0,1,0,1,1,1,1,1,0,0,0,+1,37,Male,Segment 0
1429,1,1,0,1,1,0,1,1,0,0,0,+4,25,Male,Segment 0
1430,0,1,0,1,1,1,1,0,1,0,1,-3,42,Male,Segment 6
1431,1,1,0,1,0,1,0,1,1,0,0,+3,55,Female,Segment 7
1432,0,1,0,1,1,1,1,0,0,0,0,+2,21,Male,Segment 1
1433,0,0,0,0,0,0,0,0,1,0,1,I hate it!-5,44,Male,Segment 2
1434,1,1,0,1,1,1,1,1,0,0,1,+4,41,Male,Segment 0
1435,0,1,0,1,1,1,1,0,0,0,1,I hate it!-5,25,Male,Segment 6
1436,1,1,0,1,1,1,0,1,1,0,0,I love it!+5,24,Male,Segment 7
1437,1,1,0,1,0,1,1,1,0,1,0,+4,61,Female,Segment 3
1438,1,1,0,1,1,1,0,1,1,0,0,+3,27,Female,Segment 7
1439,1,1,1,1,1,0,1,1,0,1,1,+1,61,Male,Segment 5
1440,1,1,0,0,0,1,1,1,0,0,0,+3,55,Female,Segment 4
1441,1,1,0,1,1,1,0,1,1,0,0,I love it!+5,29,Male,Segment 7
1442,1,1,0,0,1,1,1,1,0,0,0,+4,31,Male,Segment 4
1443,1,1,0,1,0,1,1,1,0,0,0,+2,50,Female,Segment 3
1444,0,1,0,1,1,1,1,0,0,1,0,-3,55,Male,Segment 1
1445,0,1,0,1,1,1,1,1,0,0,1,+1,18,Female,Segment 0
1446,1,1,0,1,1,1,1,1,0,1,0,+1,52,Female,Segment 0
1447,0,1,0,1,1,0,0,1,1,0,0,0,43,Male,Segment 7
1448,0,1,0,1,1,0,0,0,1,0,1,I hate it!-5,47,Male,Segment 6
1449,1,1,0,1,0,0,1,1,0,1,0,+2,36,Female,Segment 3
1450,1,1,0,1,0,1,0,1,1,0,0,+3,52,Female,Segment 7
1451,1,1,0,0,0,1,1,1,0,1,0,+4,41,Male,Segment 4
1452,0,1,0,1,1,0,0,0,1,0,1,-3,30,Male,Segment 6
